{
	"info": {
		"_postman_id": "dfe09cb1-3a68-42ee-a8ca-4bbcc1620edd",
		"name": "Binance delivery futures API",
		"description": "Binance official supported Postman collections.<br/>\n- API documents: https://binance-docs.github.io/apidocs/futures/en/\n- Telegram: https://t.me/binance_api_english\n- Open Issue at: https://github.com/binance-exchange/binance-api-postman",
		"schema": "https://schema.getpostman.com/json/collection/v2.1.0/collection.json"
	},
	"item": [
		{
			"name": "Market",
			"item": [
				{
					"name": "Test Connectivity",
					"request": {
						"method": "GET",
						"header": [
							{
								"key": "Content-Type",
								"value": "application/json",
								"type": "text"
							}
						],
						"url": {
							"raw": "{{url}}/dapi/v1/ping",
							"host": [
								"{{url}}"
							],
							"path": [
								"dapi",
								"v1",
								"ping"
							]
						},
						"description": "Test connectivity to the Rest API."
					},
					"response": []
				},
				{
					"name": "Check Server Time",
					"request": {
						"method": "GET",
						"header": [
							{
								"key": "Content-Type",
								"type": "text",
								"value": "application/json"
							}
						],
						"url": {
							"raw": "{{url}}/dapi/v1/time",
							"host": [
								"{{url}}"
							],
							"path": [
								"dapi",
								"v1",
								"time"
							],
							"query": [
								{
									"key": "",
									"value": "",
									"disabled": true
								}
							]
						}
					},
					"response": []
				},
				{
					"name": "Exchange Information (MARKET_DATA)",
					"request": {
						"method": "GET",
						"header": [
							{
								"key": "Content-Type",
								"type": "text",
								"value": "application/json"
							}
						],
						"url": {
							"raw": "{{url}}/dapi/v1/exchangeInfo",
							"host": [
								"{{url}}"
							],
							"path": [
								"dapi",
								"v1",
								"exchangeInfo"
							],
							"query": [
								{
									"key": "",
									"value": "",
									"disabled": true
								}
							]
						}
					},
					"response": []
				},
				{
					"name": "Order Book (MARKET_DATA)",
					"request": {
						"method": "GET",
						"header": [
							{
								"key": "Content-Type",
								"type": "text",
								"value": "application/json"
							}
						],
						"url": {
							"raw": "{{url}}/dapi/v1/depth?symbol=BTCUSDT&limit=100",
							"host": [
								"{{url}}"
							],
							"path": [
								"dapi",
								"v1",
								"depth"
							],
							"query": [
								{
									"key": "symbol",
									"value": "BTCUSDT"
								},
								{
									"key": "limit",
									"value": "100",
									"description": "Default 100; max 1000. Valid limits:[5, 10, 20, 50, 100, 500, 1000]"
								}
							]
						}
					},
					"response": []
				},
				{
					"name": "Recent Trades List (MARKET_DATA)",
					"request": {
						"method": "GET",
						"header": [
							{
								"key": "Content-Type",
								"value": "application/json",
								"type": "text"
							}
						],
						"url": {
							"raw": "{{url}}/dapi/v1/trades?symbol=&limit=500",
							"host": [
								"{{url}}"
							],
							"path": [
								"dapi",
								"v1",
								"trades"
							],
							"query": [
								{
									"key": "symbol",
									"value": ""
								},
								{
									"key": "limit",
									"value": "500",
									"description": "Default 500; max 1000."
								}
							]
						}
					},
					"response": []
				},
				{
					"name": "Old Trades Lookup (MARKET_DATA)",
					"request": {
						"method": "GET",
						"header": [
							{
								"key": "Content-Type",
								"type": "text",
								"value": "application/json"
							},
							{
								"key": "X-MBX-APIKEY",
								"type": "text",
								"value": "{{binance-api-key}}"
							}
						],
						"url": {
							"raw": "{{url}}/fapi/v1/historicalTrades?symbol=&limit=",
							"host": [
								"{{url}}"
							],
							"path": [
								"fapi",
								"v1",
								"historicalTrades"
							],
							"query": [
								{
									"key": "symbol",
									"value": ""
								},
								{
									"key": "limit",
									"value": "",
									"description": "Default 500; max 1000."
								},
								{
									"key": "fromId",
									"value": "''",
									"disabled": true
								}
							]
						},
						"description": "This endpoint need your API key only, not the secret key."
					},
					"response": []
				},
				{
					"name": "Compressed/Aggregate Trades List (MARKET_DATA)",
					"request": {
						"method": "GET",
						"header": [
							{
								"key": "Content-Type",
								"type": "text",
								"value": "application/json"
							}
						],
						"url": {
							"raw": "{{url}}/dapi/v1/aggTrades?symbol=&limit=500&fromId&startTime&endTime",
							"host": [
								"{{url}}"
							],
							"path": [
								"dapi",
								"v1",
								"aggTrades"
							],
							"query": [
								{
									"key": "symbol",
									"value": ""
								},
								{
									"key": "limit",
									"value": "500",
									"description": "Default 500; max 1000."
								},
								{
									"key": "fromId",
									"value": null
								},
								{
									"key": "startTime",
									"value": null
								},
								{
									"key": "endTime",
									"value": null
								}
							]
						}
					},
					"response": []
				},
				{
					"name": "Index Price and Mark Price",
					"request": {
						"method": "GET",
						"header": [
							{
								"key": "Content-Type",
								"type": "text",
								"value": "application/json"
							}
						],
						"url": {
							"raw": "{{url}}/dapi/v1/premiumIndex ?symbol=&pair=",
							"host": [
								"{{url}}"
							],
							"path": [
								"dapi",
								"v1",
								"premiumIndex "
							],
							"query": [
								{
									"key": "symbol",
									"value": ""
								},
								{
									"key": "pair",
									"value": ""
								}
							]
						}
					},
					"response": []
				},
				{
					"name": "Kline/Candlestick Data (MARKET_DATA)",
					"request": {
						"method": "GET",
						"header": [
							{
								"key": "Content-Type",
								"type": "text",
								"value": "application/json"
							}
						],
						"url": {
							"raw": "{{url}}/dapi/v1/klines?symbol=&limit=&interval=&startTime&endTime",
							"host": [
								"{{url}}"
							],
							"path": [
								"dapi",
								"v1",
								"klines"
							],
							"query": [
								{
									"key": "symbol",
									"value": ""
								},
								{
									"key": "limit",
									"value": "",
									"description": "Default 500; max 1500."
								},
								{
									"key": "interval",
									"value": "",
									"description": "1m, 1h, 1d, etc"
								},
								{
									"key": "startTime",
									"value": null
								},
								{
									"key": "endTime",
									"value": null
								}
							]
						},
						"description": "Kline/candlestick bars for a symbol. Klines are uniquely identified by their open time."
					},
					"response": []
				},
				{
					"name": "Continues Contract Kline/Candlestick Data",
					"request": {
						"method": "GET",
						"header": [
							{
								"key": "Content-Type",
								"type": "text",
								"value": "application/json"
							}
						],
						"url": {
							"raw": "{{url}}/dapi/v1/continuousKlines?pair=&contractType=&interval=&startTime&endTime&limit",
							"host": [
								"{{url}}"
							],
							"path": [
								"dapi",
								"v1",
								"continuousKlines"
							],
							"query": [
								{
									"key": "pair",
									"value": ""
								},
								{
									"key": "contractType",
									"value": ""
								},
								{
									"key": "interval",
									"value": ""
								},
								{
									"key": "startTime",
									"value": null
								},
								{
									"key": "endTime",
									"value": null
								},
								{
									"key": "limit",
									"value": null
								}
							]
						}
					},
					"response": []
				},
				{
					"name": "Index Price Kline/Candlestick Data",
					"request": {
						"method": "GET",
						"header": [
							{
								"key": "Content-Type",
								"type": "text",
								"value": "application/json"
							}
						],
						"url": {
							"raw": "{{url}}/dapi/v1/indexPriceKlines?pair=&interval=&startTime&endTime&limit",
							"host": [
								"{{url}}"
							],
							"path": [
								"dapi",
								"v1",
								"indexPriceKlines"
							],
							"query": [
								{
									"key": "pair",
									"value": ""
								},
								{
									"key": "interval",
									"value": ""
								},
								{
									"key": "startTime",
									"value": null
								},
								{
									"key": "endTime",
									"value": null
								},
								{
									"key": "limit",
									"value": null
								}
							]
						}
					},
					"response": []
				},
				{
					"name": "Mark Price Kline/Candlestick Data",
					"request": {
						"method": "GET",
						"header": [
							{
								"key": "Content-Type",
								"type": "text",
								"value": "application/json"
							}
						],
						"url": {
							"raw": "{{url}}/dapi/v1/markPriceKlines?symbol=&interval=&startTime=&endTime=&limit=",
							"host": [
								"{{url}}"
							],
							"path": [
								"dapi",
								"v1",
								"markPriceKlines"
							],
							"query": [
								{
									"key": "symbol",
									"value": ""
								},
								{
									"key": "interval",
									"value": ""
								},
								{
									"key": "startTime",
									"value": ""
								},
								{
									"key": "endTime",
									"value": ""
								},
								{
									"key": "limit",
									"value": ""
								}
							]
						}
					},
					"response": []
				},
				{
					"name": "24hr Ticker Price Change Statistics (MARKET_DATA)",
					"request": {
						"method": "GET",
						"header": [
							{
								"key": "Content-Type",
								"type": "text",
								"value": "application/json"
							}
						],
						"url": {
							"raw": "{{url}}/dapi/v1/ticker/24hr?symbol=&pair",
							"host": [
								"{{url}}"
							],
							"path": [
								"dapi",
								"v1",
								"ticker",
								"24hr"
							],
							"query": [
								{
									"key": "symbol",
									"value": ""
								},
								{
									"key": "pair",
									"value": null
								}
							]
						},
						"description": "24 hour rolling window price change statistics.\n\nCareful when accessing this with no symbol.\n\nWeight:\n\n1 for a single symbol;\n\n40 when the symbol parameter is omitted"
					},
					"response": []
				},
				{
					"name": "Symbol Price Ticker (MARKET_DATA)",
					"request": {
						"method": "GET",
						"header": [
							{
								"key": "Content-Type",
								"type": "text",
								"value": "application/json"
							}
						],
						"url": {
							"raw": "{{url}}/dapi/v1/ticker/price?symbol=&pair",
							"host": [
								"{{url}}"
							],
							"path": [
								"dapi",
								"v1",
								"ticker",
								"price"
							],
							"query": [
								{
									"key": "symbol",
									"value": ""
								},
								{
									"key": "pair",
									"value": null
								}
							]
						},
						"description": "Latest price for a symbol or symbols."
					},
					"response": []
				},
				{
					"name": "Symbol Order Book Ticker (MARKET_DATA)",
					"request": {
						"method": "GET",
						"header": [
							{
								"key": "Content-Type",
								"type": "text",
								"value": "application/json"
							}
						],
						"url": {
							"raw": "{{url}}/dapi/v1/ticker/bookTicker?symbol=&pair",
							"host": [
								"{{url}}"
							],
							"path": [
								"dapi",
								"v1",
								"ticker",
								"bookTicker"
							],
							"query": [
								{
									"key": "symbol",
									"value": ""
								},
								{
									"key": "pair",
									"value": null
								}
							]
						},
						"description": "Best price/qty on the order book for a symbol or symbols."
					},
					"response": []
				},
				{
					"name": "Get all Liquidation Orders (MARKET_DATA)",
					"request": {
						"method": "GET",
						"header": [
							{
								"key": "Content-Type",
								"type": "text",
								"value": "application/json"
							}
						],
						"url": {
							"raw": "{{url}}/dapi/v1/allForceOrders?symbol=&pair=&startTime=&endTime=&limit=100",
							"host": [
								"{{url}}"
							],
							"path": [
								"dapi",
								"v1",
								"allForceOrders"
							],
							"query": [
								{
									"key": "symbol",
									"value": ""
								},
								{
									"key": "pair",
									"value": ""
								},
								{
									"key": "startTime",
									"value": ""
								},
								{
									"key": "endTime",
									"value": ""
								},
								{
									"key": "limit",
									"value": "100",
									"description": "Default:100 Max:1000"
								}
							]
						}
					},
					"response": []
				},
				{
					"name": "Open Interest (MARKET_DATA)",
					"request": {
						"method": "GET",
						"header": [
							{
								"key": "Content-Type",
								"type": "text",
								"value": "application/json"
							}
						],
						"url": {
							"raw": "{{url}}/dapi/v1/openInterest?symbol=",
							"host": [
								"{{url}}"
							],
							"path": [
								"dapi",
								"v1",
								"openInterest"
							],
							"query": [
								{
									"key": "symbol",
									"value": ""
								}
							]
						},
						"description": "Get present open interest of a specific symbol."
					},
					"response": []
				},
				{
					"name": "Open Interest Statistics (MARKET DATA)",
					"request": {
						"method": "GET",
						"header": [
							{
								"key": "Content-Type",
								"type": "text",
								"value": "application/json"
							}
						],
						"url": {
							"raw": "{{url}}/futures/data/openInterestHist?pair=&contractType=ALL&period=5m&limit=&startTime=&endTime=",
							"host": [
								"{{url}}"
							],
							"path": [
								"futures",
								"data",
								"openInterestHist"
							],
							"query": [
								{
									"key": "pair",
									"value": ""
								},
								{
									"key": "contractType",
									"value": "ALL",
									"description": "ALL,CURRENT_QUARTER,NEXT_QUARTER"
								},
								{
									"key": "period",
									"value": "5m",
									"description": "\"5m\",\"15m\",\"30m\",\"1h\",\"2h\",\"4h\",\"6h\",\"12h\",\"1d\""
								},
								{
									"key": "limit",
									"value": "",
									"description": "Default 30,Max 500"
								},
								{
									"key": "startTime",
									"value": ""
								},
								{
									"key": "endTime",
									"value": ""
								}
							]
						},
						"description": "Get present open interest of a specific symbol."
					},
					"response": []
				},
				{
					"name": "Top Trader Long/Short Ratio (Accounts) (MARKET DATA)",
					"request": {
						"method": "GET",
						"header": [
							{
								"key": "Content-Type",
								"type": "text",
								"value": "application/json"
							}
						],
						"url": {
							"raw": "{{url}}/futures/data/topLongShortAccountRatio?pair=&period=5m&limit=&startTime=&endTime=",
							"host": [
								"{{url}}"
							],
							"path": [
								"futures",
								"data",
								"topLongShortAccountRatio"
							],
							"query": [
								{
									"key": "pair",
									"value": ""
								},
								{
									"key": "period",
									"value": "5m",
									"description": "\"5m\",\"15m\",\"30m\",\"1h\",\"2h\",\"4h\",\"6h\",\"12h\",\"1d\""
								},
								{
									"key": "limit",
									"value": "",
									"description": "Default 30,Max 500"
								},
								{
									"key": "startTime",
									"value": ""
								},
								{
									"key": "endTime",
									"value": ""
								}
							]
						},
						"description": "Get present open interest of a specific symbol."
					},
					"response": []
				},
				{
					"name": "Top Trader Long/Short Ratio (Positions) (MARKET DATA)",
					"request": {
						"method": "GET",
						"header": [
							{
								"key": "Content-Type",
								"type": "text",
								"value": "application/json"
							}
						],
						"url": {
							"raw": "{{url}}/futures/data/topLongShortPositionRatio?pair=&period=5m",
							"host": [
								"{{url}}"
							],
							"path": [
								"futures",
								"data",
								"topLongShortPositionRatio"
							],
							"query": [
								{
									"key": "pair",
									"value": ""
								},
								{
									"key": "period",
									"value": "5m",
									"description": "\"5m\",\"15m\",\"30m\",\"1h\",\"2h\",\"4h\",\"6h\",\"12h\",\"1d\""
								},
								{
									"key": "limit",
									"value": "",
									"description": "Default 30,Max 500",
									"disabled": true
								},
								{
									"key": "startTime",
									"value": "",
									"disabled": true
								},
								{
									"key": "endTime",
									"value": "",
									"disabled": true
								}
							]
						},
						"description": "Get present open interest of a specific symbol."
					},
					"response": []
				},
				{
					"name": "Long/Short Ratio (MARKET DATA)",
					"request": {
						"method": "GET",
						"header": [
							{
								"key": "Content-Type",
								"type": "text",
								"value": "application/json"
							}
						],
						"url": {
							"raw": "{{url}}/futures/data/globalLongShortAccountRatio?pair=&period=5m",
							"host": [
								"{{url}}"
							],
							"path": [
								"futures",
								"data",
								"globalLongShortAccountRatio"
							],
							"query": [
								{
									"key": "pair",
									"value": ""
								},
								{
									"key": "period",
									"value": "5m",
									"description": "\"5m\",\"15m\",\"30m\",\"1h\",\"2h\",\"4h\",\"6h\",\"12h\",\"1d\""
								},
								{
									"key": "limit",
									"value": "",
									"description": "Default 30,Max 500",
									"disabled": true
								},
								{
									"key": "startTime",
									"value": "",
									"disabled": true
								},
								{
									"key": "endTime",
									"value": "",
									"disabled": true
								}
							]
						},
						"description": "Get present open interest of a specific symbol."
					},
					"response": []
				},
				{
					"name": "Taker Buy/Sell Volume (MARKET DATA)",
					"request": {
						"method": "GET",
						"header": [
							{
								"key": "Content-Type",
								"type": "text",
								"value": "application/json"
							}
						],
						"url": {
							"raw": "{{url}}/futures/data/takerBuySellVol?pair=&period=5m&contractType=ALL",
							"host": [
								"{{url}}"
							],
							"path": [
								"futures",
								"data",
								"takerBuySellVol"
							],
							"query": [
								{
									"key": "pair",
									"value": ""
								},
								{
									"key": "period",
									"value": "5m",
									"description": "\"5m\",\"15m\",\"30m\",\"1h\",\"2h\",\"4h\",\"6h\",\"12h\",\"1d\""
								},
								{
									"key": "contractType",
									"value": "ALL",
									"description": "ALL,CURRENT_QUARTER,NEXT_QUARTER"
								},
								{
									"key": "limit",
									"value": "",
									"description": "Default 30,Max 500",
									"disabled": true
								},
								{
									"key": "startTime",
									"value": "",
									"disabled": true
								},
								{
									"key": "endTime",
									"value": "",
									"disabled": true
								}
							]
						},
						"description": "Get present open interest of a specific symbol."
					},
					"response": []
				},
				{
					"name": "Basis (MARKET DATA)",
					"request": {
						"method": "GET",
						"header": [
							{
								"key": "Content-Type",
								"type": "text",
								"value": "application/json"
							}
						],
						"url": {
							"raw": "{{url}}/futures/data/basis?pair=&period=5m&contractType=CURRENT_QUARTER",
							"host": [
								"{{url}}"
							],
							"path": [
								"futures",
								"data",
								"basis"
							],
							"query": [
								{
									"key": "pair",
									"value": ""
								},
								{
									"key": "period",
									"value": "5m",
									"description": "\"5m\",\"15m\",\"30m\",\"1h\",\"2h\",\"4h\",\"6h\",\"12h\",\"1d\""
								},
								{
									"key": "contractType",
									"value": "CURRENT_QUARTER",
									"description": "CURRENT_QUARTER,NEXT_QUARTER"
								},
								{
									"key": "limit",
									"value": "",
									"description": "Default 30,Max 500",
									"disabled": true
								},
								{
									"key": "startTime",
									"value": "",
									"disabled": true
								},
								{
									"key": "endTime",
									"value": "",
									"disabled": true
								}
							]
						},
						"description": "Get present open interest of a specific symbol."
					},
					"response": []
				}
			],
			"protocolProfileBehavior": {}
		},
		{
			"name": "Trade",
			"item": [
				{
					"name": "Change Position Mode（TRADE）",
					"event": [
						{
							"listen": "prerequest",
							"script": {
								"id": "f04c6ecf-860d-40bc-8b9b-77174b926cb3",
								"exec": [
									""
								],
								"type": "text/javascript"
							}
						}
					],
					"request": {
						"method": "POST",
						"header": [
							{
								"key": "Content-Type",
								"name": "Content-Type",
								"type": "text",
								"value": "application/json"
							},
							{
								"key": "X-MBX-APIKEY",
								"type": "text",
								"value": "{{binance-api-key}}"
							}
						],
						"url": {
							"raw": "{{url}}/dapi/v1/positionSide/dual?dualSidePosition=&timestamp={{timestamp}}&signature={{signature}}",
							"host": [
								"{{url}}"
							],
							"path": [
								"dapi",
								"v1",
								"positionSide",
								"dual"
							],
							"query": [
								{
									"key": "dualSidePosition",
									"value": "",
									"description": "Boolean value. \"true\": Hedge Mode mode; \"false\": One-way Mode"
								},
								{
									"key": "timestamp",
									"value": "{{timestamp}}"
								},
								{
									"key": "signature",
									"value": "{{signature}}"
								}
							]
						}
					},
					"response": []
				},
				{
					"name": "Get Current Position Mode（USER_DATA）",
					"event": [
						{
							"listen": "prerequest",
							"script": {
								"id": "ad18a7b3-46ab-4b58-b592-6c1ddbb77ea0",
								"exec": [
									""
								],
								"type": "text/javascript"
							}
						}
					],
					"request": {
						"method": "GET",
						"header": [
							{
								"key": "Content-Type",
								"name": "Content-Type",
								"type": "text",
								"value": "application/json"
							},
							{
								"key": "X-MBX-APIKEY",
								"type": "text",
								"value": "{{binance-api-key}}"
							}
						],
						"url": {
							"raw": "{{url}}/dapi/v1/positionSide/dual?timestamp={{timestamp}}&signature={{signature}}",
							"host": [
								"{{url}}"
							],
							"path": [
								"dapi",
								"v1",
								"positionSide",
								"dual"
							],
							"query": [
								{
									"key": "timestamp",
									"value": "{{timestamp}}"
								},
								{
									"key": "signature",
									"value": "{{signature}}"
								}
							]
						}
					},
					"response": []
				},
				{
					"name": "New Order (TRADE)",
					"event": [
						{
							"listen": "prerequest",
							"script": {
								"id": "ea36e2ca-07bf-4029-a14a-bb747a557896",
								"exec": [
									""
								],
								"type": "text/javascript"
							}
						}
					],
					"request": {
						"method": "POST",
						"header": [
							{
								"key": "Content-Type",
								"name": "Content-Type",
								"type": "text",
								"value": "application/json"
							},
							{
								"key": "X-MBX-APIKEY",
								"type": "text",
								"value": "{{binance-api-key}}"
							}
						],
						"url": {
							"raw": "{{url}}/dapi/v1/order?symbol=&side=&positionSide=&type=&timeInForce=&quantity=&reduceOnly=&price=&newClientOrderId=&stopPrice=&closePosition=&activationPrice=&callbackRate=&workingType=CONTRACT_PRICE&priceProtect=&newOrderRespType=&timestamp={{timestamp}}&signature={{signature}}",
							"host": [
								"{{url}}"
							],
							"path": [
								"dapi",
								"v1",
								"order"
							],
							"query": [
								{
									"key": "symbol",
									"value": ""
								},
								{
									"key": "side",
									"value": ""
								},
								{
									"key": "positionSide",
									"value": "",
									"description": "Default BOTH for One-way Mode ;\nLONG or SHORT for Hedge Mode. It must be sent with Hedge Mode."
								},
								{
									"key": "type",
									"value": ""
								},
								{
									"key": "timeInForce",
									"value": ""
								},
								{
									"key": "quantity",
									"value": ""
								},
								{
									"key": "reduceOnly",
									"value": ""
								},
								{
									"key": "price",
									"value": ""
								},
								{
									"key": "newClientOrderId",
									"value": ""
								},
								{
									"key": "stopPrice",
									"value": ""
								},
								{
									"key": "closePosition",
									"value": "",
									"description": "true, false；Close-All，used with STOP_MARKET or TAKE_PROFIT_MARKET."
								},
								{
									"key": "activationPrice",
									"value": ""
								},
								{
									"key": "callbackRate",
									"value": "",
									"description": "Used with TRAILING_STOP_MARKET orders, min 0.1, max 5 where 1 for 1%"
								},
								{
									"key": "workingType",
									"value": "CONTRACT_PRICE",
									"description": "stopPrice triggered by: \"MARK_PRICE\", \"CONTRACT_PRICE\". Default \"CONTRACT_PRICE\""
								},
								{
									"key": "priceProtect",
									"value": ""
								},
								{
									"key": "newOrderRespType",
									"value": ""
								},
								{
									"key": "timestamp",
									"value": "{{timestamp}}"
								},
								{
									"key": "signature",
									"value": "{{signature}}"
								}
							]
						},
						"description": "https://binance-docs.github.io/apidocs/futures/en/#new-order-trade"
					},
					"response": []
				},
				{
					"name": "Place Multiple Orders (TRADE)",
					"event": [
						{
							"listen": "prerequest",
							"script": {
								"id": "bf3b4c84-c048-46c3-8d30-8c8789632173",
								"exec": [
									""
								],
								"type": "text/javascript"
							}
						}
					],
					"request": {
						"method": "POST",
						"header": [
							{
								"key": "Content-Type",
								"name": "Content-Type",
								"type": "text",
								"value": "application/json"
							},
							{
								"key": "X-MBX-APIKEY",
								"type": "text",
								"value": "{{binance-api-key}}"
							}
						],
						"url": {
							"raw": "{{url}}/dapi/v1/batchOrders?batchOrders=&timestamp={{timestamp}}&signature={{signature}}",
							"host": [
								"{{url}}"
							],
							"path": [
								"dapi",
								"v1",
								"batchOrders"
							],
							"query": [
								{
									"key": "batchOrders",
									"value": ""
								},
								{
									"key": "timestamp",
									"value": "{{timestamp}}"
								},
								{
									"key": "signature",
									"value": "{{signature}}",
									"description": "Default BOTH for One-way Mode ;\nLONG or SHORT for Hedge Mode. It must be sent with Hedge Mode."
								}
							]
						}
					},
					"response": []
				},
				{
					"name": "Query Order",
					"event": [
						{
							"listen": "prerequest",
							"script": {
								"id": "9a0303d1-4ac1-4b35-8028-3756a2323267",
								"exec": [
									""
								],
								"type": "text/javascript"
							}
						}
					],
					"request": {
						"method": "GET",
						"header": [
							{
								"key": "Content-Type",
								"name": "Content-Type",
								"type": "text",
								"value": "application/json"
							},
							{
								"key": "X-MBX-APIKEY",
								"type": "text",
								"value": "{{binance-api-key}}"
							}
						],
						"url": {
							"raw": "{{url}}/dapi/v1/order?symbol=&orderId=&origClientOrderId=&timestamp={{timestamp}}&signature={{signature}}",
							"host": [
								"{{url}}"
							],
							"path": [
								"dapi",
								"v1",
								"order"
							],
							"query": [
								{
									"key": "symbol",
									"value": ""
								},
								{
									"key": "orderId",
									"value": ""
								},
								{
									"key": "origClientOrderId",
									"value": ""
								},
								{
									"key": "timestamp",
									"value": "{{timestamp}}"
								},
								{
									"key": "signature",
									"value": "{{signature}}"
								}
							]
						}
					},
					"response": []
				},
				{
					"name": "Cancel Order",
					"event": [
						{
							"listen": "prerequest",
							"script": {
								"id": "dc05d7d7-6cdf-48db-9800-c5186d697ecb",
								"exec": [
									""
								],
								"type": "text/javascript"
							}
						}
					],
					"request": {
						"method": "DELETE",
						"header": [
							{
								"key": "Content-Type",
								"name": "Content-Type",
								"type": "text",
								"value": "application/json"
							},
							{
								"key": "X-MBX-APIKEY",
								"type": "text",
								"value": "{{binance-api-key}}"
							}
						],
						"url": {
							"raw": "{{url}}/dapi/v1/order?symbol=&orderId=&origClientOrderId=&timestamp={{timestamp}}&signature={{signature}}",
							"host": [
								"{{url}}"
							],
							"path": [
								"dapi",
								"v1",
								"order"
							],
							"query": [
								{
									"key": "symbol",
									"value": ""
								},
								{
									"key": "orderId",
									"value": ""
								},
								{
									"key": "origClientOrderId",
									"value": ""
								},
								{
									"key": "timestamp",
									"value": "{{timestamp}}"
								},
								{
									"key": "signature",
									"value": "{{signature}}"
								}
							]
						}
					},
					"response": []
				},
				{
					"name": "Cancel All Open Orders",
					"event": [
						{
							"listen": "prerequest",
							"script": {
								"id": "a8a885e2-360e-440f-beb5-3acdca7049ff",
								"exec": [
									""
								],
								"type": "text/javascript"
							}
						}
					],
					"request": {
						"method": "DELETE",
						"header": [
							{
								"key": "Content-Type",
								"name": "Content-Type",
								"type": "text",
								"value": "application/json"
							},
							{
								"key": "X-MBX-APIKEY",
								"type": "text",
								"value": "{{binance-api-key}}"
							}
						],
						"url": {
							"raw": "{{url}}/dapi/v1/allOpenOrders?symbol=&timestamp={{timestamp}}&signature={{signature}}",
							"host": [
								"{{url}}"
							],
							"path": [
								"dapi",
								"v1",
								"allOpenOrders"
							],
							"query": [
								{
									"key": "symbol",
									"value": ""
								},
								{
									"key": "timestamp",
									"value": "{{timestamp}}"
								},
								{
									"key": "signature",
									"value": "{{signature}}"
								}
							]
						}
					},
					"response": []
				},
				{
					"name": "Cancel Multiple Orders (TRADE)",
					"event": [
						{
							"listen": "prerequest",
							"script": {
								"id": "54d214fe-91a4-49be-97ea-f0e42b9b55f0",
								"exec": [
									""
								],
								"type": "text/javascript"
							}
						}
					],
					"request": {
						"method": "DELETE",
						"header": [
							{
								"key": "Content-Type",
								"name": "Content-Type",
								"type": "text",
								"value": "application/json"
							},
							{
								"key": "X-MBX-APIKEY",
								"type": "text",
								"value": "{{binance-api-key}}"
							}
						],
						"url": {
							"raw": "{{url}}/dapi/v1/batchOrders?symbol=&orderIdList=&origClientOrderIdList=&timestamp={{timestamp}}&signature={{signature}}",
							"host": [
								"{{url}}"
							],
							"path": [
								"dapi",
								"v1",
								"batchOrders"
							],
							"query": [
								{
									"key": "symbol",
									"value": ""
								},
								{
									"key": "orderIdList",
									"value": "",
									"description": "[id,id]  no space in between"
								},
								{
									"key": "origClientOrderIdList",
									"value": ""
								},
								{
									"key": "timestamp",
									"value": "{{timestamp}}"
								},
								{
									"key": "signature",
									"value": "{{signature}}"
								}
							]
						}
					},
					"response": []
				},
				{
					"name": "Auto-Cancel All Open Orders (TRADE)",
					"event": [
						{
							"listen": "prerequest",
							"script": {
								"id": "586d7fa7-9b52-4cbe-8df8-4b7f89d4d324",
								"exec": [
									""
								],
								"type": "text/javascript"
							}
						}
					],
					"request": {
						"method": "POST",
						"header": [
							{
								"key": "Content-Type",
								"name": "Content-Type",
								"type": "text",
								"value": "application/json"
							},
							{
								"key": "X-MBX-APIKEY",
								"type": "text",
								"value": "{{binance-api-key}}"
							}
						],
						"url": {
							"raw": "{{url}}/dapi/v1/countdownCancelAll?symbol=&countdownTime=&timestamp={{timestamp}}&signature={{signature}}",
							"host": [
								"{{url}}"
							],
							"path": [
								"dapi",
								"v1",
								"countdownCancelAll"
							],
							"query": [
								{
									"key": "symbol",
									"value": ""
								},
								{
									"key": "countdownTime",
									"value": "",
									"description": "countdown time, 1000 for 1 second. 0 to cancel the timer"
								},
								{
									"key": "timestamp",
									"value": "{{timestamp}}"
								},
								{
									"key": "signature",
									"value": "{{signature}}"
								}
							]
						}
					},
					"response": []
				},
				{
					"name": "Query Current Open Order (USER_DATA)",
					"event": [
						{
							"listen": "prerequest",
							"script": {
								"id": "7a9d82fd-82e0-41a0-960d-67b7b7729857",
								"exec": [
									""
								],
								"type": "text/javascript"
							}
						}
					],
					"request": {
						"method": "GET",
						"header": [
							{
								"key": "Content-Type",
								"name": "Content-Type",
								"type": "text",
								"value": "application/json"
							},
							{
								"key": "X-MBX-APIKEY",
								"type": "text",
								"value": "{{binance-api-key}}"
							}
						],
						"url": {
							"raw": "{{url}}/dapi/v1/openOrder?symbol=&orderId=&origClientOrderId&timestamp={{timestamp}}&signature={{signature}}",
							"host": [
								"{{url}}"
							],
							"path": [
								"dapi",
								"v1",
								"openOrder"
							],
							"query": [
								{
									"key": "symbol",
									"value": ""
								},
								{
									"key": "orderId",
									"value": ""
								},
								{
									"key": "origClientOrderId",
									"value": null
								},
								{
									"key": "timestamp",
									"value": "{{timestamp}}"
								},
								{
									"key": "signature",
									"value": "{{signature}}"
								}
							]
						}
					},
					"response": []
				},
				{
					"name": "Current All Open Orders (USER_DATA)",
					"event": [
						{
							"listen": "prerequest",
							"script": {
								"id": "ddbf6920-e7e6-4a9c-a100-4107821899b5",
								"exec": [
									""
								],
								"type": "text/javascript"
							}
						}
					],
					"request": {
						"method": "GET",
						"header": [
							{
								"key": "Content-Type",
								"name": "Content-Type",
								"type": "text",
								"value": "application/json"
							},
							{
								"key": "X-MBX-APIKEY",
								"type": "text",
								"value": "{{binance-api-key}}"
							}
						],
						"url": {
							"raw": "{{url}}/dapi/v1/openOrders?symbol=&pair=&timestamp={{timestamp}}&signature={{signature}}",
							"host": [
								"{{url}}"
							],
							"path": [
								"dapi",
								"v1",
								"openOrders"
							],
							"query": [
								{
									"key": "symbol",
									"value": ""
								},
								{
									"key": "pair",
									"value": ""
								},
								{
									"key": "timestamp",
									"value": "{{timestamp}}"
								},
								{
									"key": "signature",
									"value": "{{signature}}"
								}
							]
						}
					},
					"response": []
				},
				{
					"name": "All Orders",
					"event": [
						{
							"listen": "prerequest",
							"script": {
								"id": "27e5cc3d-094f-40f6-a028-240165aa84d3",
								"exec": [
									""
								],
								"type": "text/javascript"
							}
						}
					],
					"request": {
						"method": "GET",
						"header": [
							{
								"key": "Content-Type",
								"name": "Content-Type",
								"type": "text",
								"value": "application/json"
							},
							{
								"key": "X-MBX-APIKEY",
								"type": "text",
								"value": "{{binance-api-key}}"
							}
						],
						"url": {
							"raw": "{{url}}/dapi/v1/allOrders?symbol=&pair=&orderId=&startTime=&endTime=&limit=500&timestamp={{timestamp}}&signature={{signature}}",
							"host": [
								"{{url}}"
							],
							"path": [
								"dapi",
								"v1",
								"allOrders"
							],
							"query": [
								{
									"key": "symbol",
									"value": ""
								},
								{
									"key": "pair",
									"value": ""
								},
								{
									"key": "orderId",
									"value": ""
								},
								{
									"key": "startTime",
									"value": ""
								},
								{
									"key": "endTime",
									"value": ""
								},
								{
									"key": "limit",
									"value": "500",
									"description": "Default 500; max 1000."
								},
								{
									"key": "timestamp",
									"value": "{{timestamp}}"
								},
								{
									"key": "signature",
									"value": "{{signature}}"
								}
							]
						}
					},
					"response": []
				},
				{
					"name": "Account information",
					"event": [
						{
							"listen": "prerequest",
							"script": {
								"id": "97565784-3220-483e-93e9-b7d25e6710f2",
								"exec": [
									"",
									""
								],
								"type": "text/javascript"
							}
						}
					],
					"request": {
						"method": "GET",
						"header": [
							{
								"key": "Content-Type",
								"type": "text",
								"value": "application/json"
							},
							{
								"key": "X-MBX-APIKEY",
								"value": "{{binance-api-key}}",
								"type": "text"
							}
						],
						"url": {
							"raw": "{{url}}/dapi/v1/account?timestamp={{timestamp}}&signature={{signature}}",
							"host": [
								"{{url}}"
							],
							"path": [
								"dapi",
								"v1",
								"account"
							],
							"query": [
								{
									"key": "timestamp",
									"value": "{{timestamp}}"
								},
								{
									"key": "signature",
									"value": "{{signature}}"
								}
							]
						}
					},
					"response": []
				},
				{
					"name": "Change Initial Leverage",
					"event": [
						{
							"listen": "prerequest",
							"script": {
								"id": "66fd3523-6889-4d46-bacc-99c5b1776b34",
								"exec": [
									""
								],
								"type": "text/javascript"
							}
						}
					],
					"request": {
						"method": "POST",
						"header": [
							{
								"key": "Content-Type",
								"name": "Content-Type",
								"type": "text",
								"value": "application/json"
							},
							{
								"key": "X-MBX-APIKEY",
								"type": "text",
								"value": "{{binance-api-key}}"
							}
						],
						"url": {
							"raw": "{{url}}/dapi/v1/leverage?symbol=&leverage=&timestamp={{timestamp}}&signature={{signature}}",
							"host": [
								"{{url}}"
							],
							"path": [
								"dapi",
								"v1",
								"leverage"
							],
							"query": [
								{
									"key": "symbol",
									"value": ""
								},
								{
									"key": "leverage",
									"value": ""
								},
								{
									"key": "timestamp",
									"value": "{{timestamp}}"
								},
								{
									"key": "signature",
									"value": "{{signature}}"
								}
							]
						}
					},
					"response": []
				},
				{
					"name": "Change Margin Type",
					"event": [
						{
							"listen": "prerequest",
							"script": {
								"id": "3bc1b147-1d93-4855-838c-4b6b166fe582",
								"exec": [
									""
								],
								"type": "text/javascript"
							}
						}
					],
					"request": {
						"method": "POST",
						"header": [
							{
								"key": "Content-Type",
								"name": "Content-Type",
								"value": "application/json",
								"type": "text"
							},
							{
								"key": "X-MBX-APIKEY",
								"type": "text",
								"value": "{{binance-api-key}}"
							}
						],
						"url": {
							"raw": "{{url}}/dapi/v1/marginType?symbol=&marginType=&timestamp={{timestamp}}&signature={{signature}}",
							"host": [
								"{{url}}"
							],
							"path": [
								"dapi",
								"v1",
								"marginType"
							],
							"query": [
								{
									"key": "symbol",
									"value": ""
								},
								{
									"key": "marginType",
									"value": ""
								},
								{
									"key": "timestamp",
									"value": "{{timestamp}}"
								},
								{
									"key": "signature",
									"value": "{{signature}}"
								}
							]
						}
					},
					"response": []
				},
				{
					"name": "Modify Isolated Position Margin",
					"event": [
						{
							"listen": "prerequest",
							"script": {
								"id": "4abc603f-a242-4663-99b6-cfb3e327d247",
								"exec": [
									""
								],
								"type": "text/javascript"
							}
						}
					],
					"request": {
						"method": "POST",
						"header": [
							{
								"key": "Content-Type",
								"name": "Content-Type",
								"type": "text",
								"value": "application/json"
							},
							{
								"key": "X-MBX-APIKEY",
								"type": "text",
								"value": "{{binance-api-key}}"
							}
						],
						"url": {
							"raw": "{{url}}/dapi/v1/positionMargin?symbol=&positionSide=&amount=&type=&timestamp={{timestamp}}&signature={{signature}}",
							"host": [
								"{{url}}"
							],
							"path": [
								"dapi",
								"v1",
								"positionMargin"
							],
							"query": [
								{
									"key": "symbol",
									"value": ""
								},
								{
									"key": "positionSide",
									"value": "",
									"description": "Default BOTH for One-way Mode ; \nLONG or SHORT for Hedge Mode. It must be sent with Hedge Mode."
								},
								{
									"key": "amount",
									"value": ""
								},
								{
									"key": "type",
									"value": ""
								},
								{
									"key": "timestamp",
									"value": "{{timestamp}}"
								},
								{
									"key": "signature",
									"value": "{{signature}}"
								}
							]
						}
					},
					"response": []
				},
				{
					"name": "Get Postion Margin Change History",
					"event": [
						{
							"listen": "prerequest",
							"script": {
								"id": "b138e6fb-5fa4-4156-bcd9-4cd2ff5b635e",
								"exec": [
									""
								],
								"type": "text/javascript"
							}
						}
					],
					"request": {
						"method": "GET",
						"header": [
							{
								"key": "Content-Type",
								"name": "Content-Type",
								"type": "text",
								"value": "application/json"
							},
							{
								"key": "X-MBX-APIKEY",
								"type": "text",
								"value": "{{binance-api-key}}"
							}
						],
						"url": {
							"raw": "{{url}}/dapi/v1/positionMargin/history?symbol=&type=&startTime=&endTime=&limit=500&timestamp={{timestamp}}&signature={{signature}}",
							"host": [
								"{{url}}"
							],
							"path": [
								"dapi",
								"v1",
								"positionMargin",
								"history"
							],
							"query": [
								{
									"key": "symbol",
									"value": ""
								},
								{
									"key": "type",
									"value": ""
								},
								{
									"key": "startTime",
									"value": ""
								},
								{
									"key": "endTime",
									"value": ""
								},
								{
									"key": "limit",
									"value": "500"
								},
								{
									"key": "timestamp",
									"value": "{{timestamp}}"
								},
								{
									"key": "signature",
									"value": "{{signature}}"
								}
							]
						}
					},
					"response": []
				},
				{
					"name": "Position Information",
					"event": [
						{
							"listen": "prerequest",
							"script": {
								"id": "9fa3d4a7-dd2e-42f3-875b-7a870ee99526",
								"exec": [
									"",
									""
								],
								"type": "text/javascript"
							}
						}
					],
					"request": {
						"method": "GET",
						"header": [
							{
								"key": "Content-Type",
								"type": "text",
								"value": "application/json"
							},
							{
								"key": "X-MBX-APIKEY",
								"type": "text",
								"value": "{{binance-api-key}}"
							}
						],
						"url": {
							"raw": "{{url}}/dapi/v1/positionRisk?marginAsset=&pair=&timestamp={{timestamp}}&signature={{signature}}",
							"host": [
								"{{url}}"
							],
							"path": [
								"dapi",
								"v1",
								"positionRisk"
							],
							"query": [
								{
									"key": "marginAsset",
									"value": ""
								},
								{
									"key": "pair",
									"value": ""
								},
								{
									"key": "timestamp",
									"value": "{{timestamp}}"
								},
								{
									"key": "signature",
									"value": "{{signature}}"
								}
							]
						}
					},
					"response": []
				},
				{
					"name": "Account Trade List",
					"event": [
						{
							"listen": "prerequest",
							"script": {
								"id": "ac83b1af-cf3f-4e39-a0f4-1b252488180e",
								"exec": [
									"",
									""
								],
								"type": "text/javascript"
							}
						}
					],
					"request": {
						"method": "GET",
						"header": [
							{
								"key": "Content-Type",
								"type": "text",
								"value": "application/json"
							},
							{
								"key": "X-MBX-APIKEY",
								"type": "text",
								"value": "{{binance-api-key}}"
							}
						],
						"url": {
							"raw": "{{url}}/dapi/v1/userTrades?symbol=&pair=&startTime=&endTime=&fromId=&limit=500&timestamp={{timestamp}}&signature={{signature}}",
							"host": [
								"{{url}}"
							],
							"path": [
								"dapi",
								"v1",
								"userTrades"
							],
							"query": [
								{
									"key": "symbol",
									"value": ""
								},
								{
									"key": "pair",
									"value": ""
								},
								{
									"key": "startTime",
									"value": ""
								},
								{
									"key": "endTime",
									"value": ""
								},
								{
									"key": "fromId",
									"value": ""
								},
								{
									"key": "limit",
									"value": "500"
								},
								{
									"key": "timestamp",
									"value": "{{timestamp}}"
								},
								{
									"key": "signature",
									"value": "{{signature}}"
								}
							]
						}
					},
					"response": []
				},
				{
					"name": "Get Income History",
					"event": [
						{
							"listen": "prerequest",
							"script": {
								"id": "ddf1f411-9433-4ec0-a450-1ec2ea6bbbab",
								"exec": [
									"",
									""
								],
								"type": "text/javascript"
							}
						}
					],
					"request": {
						"method": "GET",
						"header": [
							{
								"key": "Content-Type",
								"type": "text",
								"value": "application/json"
							},
							{
								"key": "X-MBX-APIKEY",
								"type": "text",
								"value": "{{binance-api-key}}"
							}
						],
						"url": {
							"raw": "{{url}}/dapi/v1/income?symbol=&incomeType=&startTime&endTime&limit=100&timestamp={{timestamp}}&signature={{signature}}",
							"host": [
								"{{url}}"
							],
							"path": [
								"dapi",
								"v1",
								"income"
							],
							"query": [
								{
									"key": "symbol",
									"value": ""
								},
								{
									"key": "incomeType",
									"value": ""
								},
								{
									"key": "startTime",
									"value": null
								},
								{
									"key": "endTime",
									"value": null
								},
								{
									"key": "limit",
									"value": "100"
								},
								{
									"key": "timestamp",
									"value": "{{timestamp}}"
								},
								{
									"key": "signature",
									"value": "{{signature}}"
								}
							]
						}
					},
					"response": []
				},
				{
					"name": "Notional Bracket (USER_DATA)",
					"event": [
						{
							"listen": "prerequest",
							"script": {
								"id": "53c22d52-dbb7-42d6-b0f9-effdbd060491",
								"exec": [
									"",
									""
								],
								"type": "text/javascript"
							}
						}
					],
					"request": {
						"method": "GET",
						"header": [
							{
								"key": "Content-Type",
								"type": "text",
								"value": "application/json"
							},
							{
								"key": "X-MBX-APIKEY",
								"type": "text",
								"value": "{{binance-api-key}}"
							}
						],
						"url": {
							"raw": "{{url}}/dapi/v1/income?pair=&timestamp={{timestamp}}&signature={{signature}}d",
							"host": [
								"{{url}}"
							],
							"path": [
								"dapi",
								"v1",
								"income"
							],
							"query": [
								{
									"key": "pair",
									"value": ""
								},
								{
									"key": "timestamp",
									"value": "{{timestamp}}"
								},
								{
									"key": "signature",
									"value": "{{signature}}d"
								}
							]
						}
					},
					"response": []
				}
			],
			"protocolProfileBehavior": {}
		},
		{
			"name": "Data Stream",
			"item": [
				{
					"name": "Create New Listen Key",
					"request": {
						"method": "POST",
						"header": [
							{
								"key": "Content-Type",
								"type": "text",
								"value": "application/json"
							},
							{
								"key": "X-MBX-APIKEY",
								"type": "text",
								"value": "{{binance-api-key}}"
							}
						],
						"url": {
							"raw": "{{url}}/dapi/v1/listenKey",
							"host": [
								"{{url}}"
							],
							"path": [
								"dapi",
								"v1",
								"listenKey"
							]
						}
					},
					"response": []
				},
				{
					"name": "Renew Listen Key",
					"request": {
						"method": "PUT",
						"header": [
							{
								"key": "Content-Type",
								"type": "text",
								"value": "application/json"
							},
							{
								"key": "X-MBX-APIKEY",
								"type": "text",
								"value": "{{binance-api-key}}"
							}
						],
						"url": {
							"raw": "{{url}}/dapi/v1/listenKey",
							"host": [
								"{{url}}"
							],
							"path": [
								"dapi",
								"v1",
								"listenKey"
							]
						}
					},
					"response": []
				},
				{
					"name": "Delete Listen Key",
					"request": {
						"method": "DELETE",
						"header": [
							{
								"key": "Content-Type",
								"type": "text",
								"value": "application/json"
							},
							{
								"key": "X-MBX-APIKEY",
								"type": "text",
								"value": "{{binance-api-key}}"
							}
						],
						"url": {
							"raw": "{{url}}/dapi/v1/listenKey",
							"host": [
								"{{url}}"
							],
							"path": [
								"dapi",
								"v1",
								"listenKey"
							]
						}
					},
					"response": []
				}
			],
			"protocolProfileBehavior": {}
		}
	],
	"event": [
		{
			"listen": "prerequest",
			"script": {
				"id": "a0520c81-e47f-4231-bc6c-6f9ea16dd5d0",
				"type": "text/javascript",
				"exec": [
					"const ts  = Date.now();",
					"pm.environment.set(\"timestamp\", ts);",
					"",
					"let paramsObject = {};",
					"",
					"const binance_api_secret = pm.environment.get(\"binance-api-secret\");",
					"",
					"const parameters = pm.request.url.query;",
					"",
					"parameters.map((param) => {",
					"    if (param.key != 'signature' && ",
					"        param.key != 'timestamp' && ",
					"        !is_empty(param.value) &&",
					"        !is_disabled(param.disabled)) {",
					"            paramsObject[param.key] = param.value;",
					"    }",
					"})",
					"        ",
					"Object.assign(paramsObject, {'timestamp': ts});",
					"",
					"if (binance_api_secret) {",
					"    const queryString = Object.keys(paramsObject).map((key) => {",
					"        return `${encodeURIComponent(key)}=${paramsObject[key]}`;",
					"    }).join('&');",
					"    console.log(queryString);",
					"    const signature = CryptoJS.HmacSHA256(queryString, binance_api_secret).toString();",
					"    pm.environment.set(\"signature\", signature);",
					"}",
					"",
					"function is_disabled(str) {",
					"    return str == true;",
					"}",
					"",
					"function is_empty(str) {",
					"    if (typeof str == 'undefined' ||",
					"        !str || ",
					"        str.length === 0 || ",
					"        str === \"\" ||",
					"        !/[^\\s]/.test(str) ||",
					"        /^\\s*$/.test(str) ||",
					"        str.replace(/\\s/g,\"\") === \"\")",
					"    {",
					"        return true;",
					"    }",
					"    else",
					"    {",
					"        return false;",
					"    }",
					"}"
				]
			}
		},
		{
			"listen": "test",
			"script": {
				"id": "b4ccb505-b291-4670-8c5d-ea3df5d4fdb4",
				"type": "text/javascript",
				"exec": [
					""
				]
			}
		}
	],
	"protocolProfileBehavior": {}
}