{
	"info": {
		"_postman_id": "4b532a05-3712-47a9-8b43-72af4349859e",
		"name": "Binance perpetual future API",
		"description": "Binance official supported Postman collections.<br/>\n- API documents: https://binance-docs.github.io/apidocs/futures/en/\n- Telegram: https://t.me/binance_api_english\n- Open Issue at: https://github.com/binance-exchange/binance-api-postman",
		"schema": "https://schema.getpostman.com/json/collection/v2.1.0/collection.json"
	},
	"item": [
		{
			"name": "Market",
			"item": [
				{
					"name": "Test Connectivity",
					"request": {
						"method": "GET",
						"header": [
							{
								"key": "Content-Type",
								"value": "application/json",
								"type": "text"
							}
						],
						"url": {
							"raw": "{{url}}/fapi/v1/ping",
							"host": [
								"{{url}}"
							],
							"path": [
								"fapi",
								"v1",
								"ping"
							]
						},
						"description": "Test connectivity to the Rest API."
					},
					"response": []
				},
				{
					"name": "Check Server Time",
					"request": {
						"method": "GET",
						"header": [
							{
								"key": "Content-Type",
								"type": "text",
								"value": "application/json"
							}
						],
						"url": {
							"raw": "{{url}}/fapi/v1/time",
							"host": [
								"{{url}}"
							],
							"path": [
								"fapi",
								"v1",
								"time"
							],
							"query": [
								{
									"key": "",
									"value": "",
									"disabled": true
								}
							]
						}
					},
					"response": []
				},
				{
					"name": "Exchange Information (MARKET_DATA)",
					"request": {
						"method": "GET",
						"header": [
							{
								"key": "Content-Type",
								"type": "text",
								"value": "application/json"
							}
						],
						"url": {
							"raw": "{{url}}/fapi/v1/exchangeInfo",
							"host": [
								"{{url}}"
							],
							"path": [
								"fapi",
								"v1",
								"exchangeInfo"
							],
							"query": [
								{
									"key": "",
									"value": "",
									"disabled": true
								}
							]
						}
					},
					"response": []
				},
				{
					"name": "Order Book (MARKET_DATA)",
					"request": {
						"method": "GET",
						"header": [
							{
								"key": "Content-Type",
								"type": "text",
								"value": "application/json"
							}
						],
						"url": {
							"raw": "{{url}}/fapi/v1/depth?symbol=BTCUSDT&limit=100",
							"host": [
								"{{url}}"
							],
							"path": [
								"fapi",
								"v1",
								"depth"
							],
							"query": [
								{
									"key": "symbol",
									"value": "BTCUSDT"
								},
								{
									"key": "limit",
									"value": "100",
									"description": "Default 100; max 1000. Valid limits:[5, 10, 20, 50, 100, 500, 1000]"
								}
							]
						}
					},
					"response": []
				},
				{
					"name": "Recent Trades List (MARKET_DATA)",
					"request": {
						"method": "GET",
						"header": [
							{
								"key": "Content-Type",
								"value": "application/json",
								"type": "text"
							}
						],
						"url": {
							"raw": "{{url}}/fapi/v1/trades?symbol=BTCUSDT&limit=500&fromId=''",
							"host": [
								"{{url}}"
							],
							"path": [
								"fapi",
								"v1",
								"trades"
							],
							"query": [
								{
									"key": "symbol",
									"value": "BTCUSDT"
								},
								{
									"key": "limit",
									"value": "500",
									"description": "Default 500; max 1000."
								},
								{
									"key": "fromId",
									"value": "''"
								}
							]
						}
					},
					"response": []
				},
				{
					"name": "Old Trades Lookup (MARKET_DATA)",
					"request": {
						"method": "GET",
						"header": [
							{
								"key": "Content-Type",
								"type": "text",
								"value": "application/json"
							},
							{
								"key": "X-MBX-APIKEY",
								"type": "text",
								"value": "{{binance-api-key}}"
							}
						],
						"url": {
							"raw": "{{url}}/fapi/v1/historicalTrades?symbol=BTCUSDT&limit=100",
							"host": [
								"{{url}}"
							],
							"path": [
								"fapi",
								"v1",
								"historicalTrades"
							],
							"query": [
								{
									"key": "symbol",
									"value": "BTCUSDT"
								},
								{
									"key": "limit",
									"value": "100",
									"description": "Default 500; max 1000."
								},
								{
									"key": "fromId",
									"value": "''",
									"disabled": true
								}
							]
						},
						"description": "This endpoint need your API key only, not the secret key."
					},
					"response": []
				},
				{
					"name": "Compressed/Aggregate Trades List (MARKET_DATA)",
					"request": {
						"method": "GET",
						"header": [
							{
								"key": "Content-Type",
								"type": "text",
								"value": "application/json"
							}
						],
						"url": {
							"raw": "{{url}}/fapi/v1/aggTrades?symbol=BTCUSDT&limit=500",
							"host": [
								"{{url}}"
							],
							"path": [
								"fapi",
								"v1",
								"aggTrades"
							],
							"query": [
								{
									"key": "symbol",
									"value": "BTCUSDT"
								},
								{
									"key": "limit",
									"value": "500",
									"description": "Default 500; max 1000."
								},
								{
									"key": "fromId",
									"value": null,
									"disabled": true
								},
								{
									"key": "startTime",
									"value": null,
									"disabled": true
								},
								{
									"key": "endTime",
									"value": null,
									"disabled": true
								}
							]
						}
					},
					"response": []
				},
				{
					"name": "Kline/Candlestick Data (MARKET_DATA)",
					"request": {
						"method": "GET",
						"header": [
							{
								"key": "Content-Type",
								"type": "text",
								"value": "application/json"
							}
						],
						"url": {
							"raw": "{{url}}/fapi/v1/klines?symbol=BTCUSDT&limit=500&interval=1h",
							"host": [
								"{{url}}"
							],
							"path": [
								"fapi",
								"v1",
								"klines"
							],
							"query": [
								{
									"key": "symbol",
									"value": "BTCUSDT"
								},
								{
									"key": "limit",
									"value": "500",
									"description": "Default 500; max 1500."
								},
								{
									"key": "interval",
									"value": "1h",
									"description": "1m, 1h, 1d"
								},
								{
									"key": "startTime",
									"value": null,
									"disabled": true
								},
								{
									"key": "endTime",
									"value": null,
									"disabled": true
								}
							]
						},
						"description": "Kline/candlestick bars for a symbol. Klines are uniquely identified by their open time."
					},
					"response": []
				},
				{
					"name": "Mark Price (MARKET_DATA)",
					"request": {
						"method": "GET",
						"header": [
							{
								"key": "Content-Type",
								"type": "text",
								"value": "application/json"
							}
						],
						"url": {
							"raw": "{{url}}/fapi/v1/premiumIndex?symbol=",
							"host": [
								"{{url}}"
							],
							"path": [
								"fapi",
								"v1",
								"premiumIndex"
							],
							"query": [
								{
									"key": "symbol",
									"value": ""
								}
							]
						},
						"description": "Mark Price and Funding Rate\n\nWeight: 1"
					},
					"response": []
				},
				{
					"name": "Get Funding Rate History (MARKET_DATA)",
					"request": {
						"method": "GET",
						"header": [
							{
								"key": "Content-Type",
								"type": "text",
								"value": "application/json"
							}
						],
						"url": {
							"raw": "{{url}}/fapi/v1/fundingRate?symbol=BTCUSDT&limit=100",
							"host": [
								"{{url}}"
							],
							"path": [
								"fapi",
								"v1",
								"fundingRate"
							],
							"query": [
								{
									"key": "symbol",
									"value": "BTCUSDT"
								},
								{
									"key": "startTime",
									"value": null,
									"disabled": true
								},
								{
									"key": "endTime",
									"value": null,
									"disabled": true
								},
								{
									"key": "limit",
									"value": "100"
								}
							]
						},
						"description": "Mark Price and Funding Rate\n\nWeight: 1"
					},
					"response": []
				},
				{
					"name": "24hr Ticker Price Change Statistics (MARKET_DATA)",
					"request": {
						"method": "GET",
						"header": [
							{
								"key": "Content-Type",
								"type": "text",
								"value": "application/json"
							}
						],
						"url": {
							"raw": "{{url}}/fapi/v1/ticker/24hr?symbol=",
							"host": [
								"{{url}}"
							],
							"path": [
								"fapi",
								"v1",
								"ticker",
								"24hr"
							],
							"query": [
								{
									"key": "symbol",
									"value": ""
								}
							]
						},
						"description": "24 hour rolling window price change statistics.\n\nCareful when accessing this with no symbol.\n\nWeight:\n\n1 for a single symbol;\n\n40 when the symbol parameter is omitted"
					},
					"response": []
				},
				{
					"name": "Symbol Price Ticker (MARKET_DATA)",
					"request": {
						"method": "GET",
						"header": [
							{
								"key": "Content-Type",
								"type": "text",
								"value": "application/json"
							}
						],
						"url": {
							"raw": "{{url}}/fapi/v1/ticker/24hr?symbol=",
							"host": [
								"{{url}}"
							],
							"path": [
								"fapi",
								"v1",
								"ticker",
								"24hr"
							],
							"query": [
								{
									"key": "symbol",
									"value": ""
								}
							]
						},
						"description": "Latest price for a symbol or symbols."
					},
					"response": []
				},
				{
					"name": "Symbol Order Book Ticker (MARKET_DATA)",
					"request": {
						"method": "GET",
						"header": [
							{
								"key": "Content-Type",
								"type": "text",
								"value": "application/json"
							}
						],
						"url": {
							"raw": "{{url}}/fapi/v1/ticker/bookTicker?symbol=",
							"host": [
								"{{url}}"
							],
							"path": [
								"fapi",
								"v1",
								"ticker",
								"bookTicker"
							],
							"query": [
								{
									"key": "symbol",
									"value": ""
								}
							]
						},
						"description": "Best price/qty on the order book for a symbol or symbols."
					},
					"response": []
				},
				{
					"name": "Get all Liquidation Orders (MARKET_DATA)",
					"request": {
						"method": "GET",
						"header": [
							{
								"key": "Content-Type",
								"type": "text",
								"value": "application/json"
							}
						],
						"url": {
							"raw": "{{url}}/fapi/v1/allForceOrders?symbol=&startTime&endTime&limit=100",
							"host": [
								"{{url}}"
							],
							"path": [
								"fapi",
								"v1",
								"allForceOrders"
							],
							"query": [
								{
									"key": "symbol",
									"value": ""
								},
								{
									"key": "startTime",
									"value": null
								},
								{
									"key": "endTime",
									"value": null
								},
								{
									"key": "limit",
									"value": "100",
									"description": "Default:100 Max:1000"
								}
							]
						}
					},
					"response": []
				},
				{
					"name": "Open Interest (MARKET_DATA)",
					"request": {
						"method": "GET",
						"header": [
							{
								"key": "Content-Type",
								"type": "text",
								"value": "application/json"
							}
						],
						"url": {
							"raw": "{{url}}/fapi/v1/openInterest?symbol=BTCUSDT",
							"host": [
								"{{url}}"
							],
							"path": [
								"fapi",
								"v1",
								"openInterest"
							],
							"query": [
								{
									"key": "symbol",
									"value": "BTCUSDT"
								}
							]
						},
						"description": "Get present open interest of a specific symbol."
					},
					"response": []
				},
				{
					"name": "Notional and Leverage Brackets (MARKET_DATA)",
					"request": {
						"method": "GET",
						"header": [
							{
								"key": "Content-Type",
								"type": "text",
								"value": "application/json"
							},
							{
								"key": "X-MBX-APIKEY",
								"value": "{{binance-api-key}}",
								"type": "text"
							}
						],
						"url": {
							"raw": "{{url}}/fapi/v1/leverageBracket?symbol=BTCUSDT&timestamp={{timestamp}}&signature={{signature}}",
							"host": [
								"{{url}}"
							],
							"path": [
								"fapi",
								"v1",
								"leverageBracket"
							],
							"query": [
								{
									"key": "symbol",
									"value": "BTCUSDT"
								},
								{
									"key": "timestamp",
									"value": "{{timestamp}}"
								},
								{
									"key": "signature",
									"value": "{{signature}}"
								}
							]
						},
						"description": "Get present open interest of a specific symbol."
					},
					"response": []
				},
				{
					"name": "Open Interest Statistics (MARKET_DATA)",
					"request": {
						"method": "GET",
						"header": [
							{
								"key": "Content-Type",
								"type": "text",
								"value": "application/json"
							},
							{
								"key": "X-MBX-APIKEY",
								"type": "text",
								"value": "{{binance-api-key}}"
							}
						],
						"url": {
							"raw": "{{url}}/futures/data/openInterestHist?symbol=BTCUSDT&period=&limit=30&startTime=&endTime=",
							"host": [
								"{{url}}"
							],
							"path": [
								"futures",
								"data",
								"openInterestHist"
							],
							"query": [
								{
									"key": "symbol",
									"value": "BTCUSDT"
								},
								{
									"key": "period",
									"value": "",
									"description": "\"5m\",\"15m\",\"30m\",\"1h\",\"2h\",\"4h\",\"6h\",\"12h\",\"1d\""
								},
								{
									"key": "limit",
									"value": "30"
								},
								{
									"key": "startTime",
									"value": ""
								},
								{
									"key": "endTime",
									"value": ""
								}
							]
						},
						"description": "Get present open interest of a specific symbol."
					},
					"response": []
				},
				{
					"name": "Top Trader Long/Short Ratio (Accounts) (MARKET_DATA)",
					"request": {
						"method": "GET",
						"header": [
							{
								"key": "Content-Type",
								"type": "text",
								"value": "application/json"
							},
							{
								"key": "X-MBX-APIKEY",
								"type": "text",
								"value": "{{binance-api-key}}"
							}
						],
						"url": {
							"raw": "{{url}}/futures/data/topLongShortAccountRatio?symbol=BTCUSDT&period=&limit=30&startTime=&endTime=",
							"host": [
								"{{url}}"
							],
							"path": [
								"futures",
								"data",
								"topLongShortAccountRatio"
							],
							"query": [
								{
									"key": "symbol",
									"value": "BTCUSDT"
								},
								{
									"key": "period",
									"value": "",
									"description": "\"5m\",\"15m\",\"30m\",\"1h\",\"2h\",\"4h\",\"6h\",\"12h\",\"1d\""
								},
								{
									"key": "limit",
									"value": "30"
								},
								{
									"key": "startTime",
									"value": ""
								},
								{
									"key": "endTime",
									"value": ""
								}
							]
						},
						"description": "Get present open interest of a specific symbol."
					},
					"response": []
				},
				{
					"name": "Top Trader Long/Short Ratio (Positions) (MARKET_DATA)",
					"request": {
						"method": "GET",
						"header": [
							{
								"key": "Content-Type",
								"type": "text",
								"value": "application/json"
							},
							{
								"key": "X-MBX-APIKEY",
								"type": "text",
								"value": "{{binance-api-key}}"
							}
						],
						"url": {
							"raw": "{{url}}/futures/data/topLongShortPositionRatio?symbol=BTCUSDT&period=&limit=30&startTime=&endTime=",
							"host": [
								"{{url}}"
							],
							"path": [
								"futures",
								"data",
								"topLongShortPositionRatio"
							],
							"query": [
								{
									"key": "symbol",
									"value": "BTCUSDT"
								},
								{
									"key": "period",
									"value": "",
									"description": "\"5m\",\"15m\",\"30m\",\"1h\",\"2h\",\"4h\",\"6h\",\"12h\",\"1d\""
								},
								{
									"key": "limit",
									"value": "30"
								},
								{
									"key": "startTime",
									"value": ""
								},
								{
									"key": "endTime",
									"value": ""
								}
							]
						},
						"description": "Get present open interest of a specific symbol."
					},
					"response": []
				},
				{
					"name": "Long/Short Ratio (MARKET_DATA)",
					"request": {
						"method": "GET",
						"header": [
							{
								"key": "Content-Type",
								"type": "text",
								"value": "application/json"
							},
							{
								"key": "X-MBX-APIKEY",
								"type": "text",
								"value": "{{binance-api-key}}"
							}
						],
						"url": {
							"raw": "{{url}}/futures/data/globalLongShortAccountRatio?symbol=BTCUSDT&period=&limit=30&startTime=&endTime=",
							"host": [
								"{{url}}"
							],
							"path": [
								"futures",
								"data",
								"globalLongShortAccountRatio"
							],
							"query": [
								{
									"key": "symbol",
									"value": "BTCUSDT"
								},
								{
									"key": "period",
									"value": "",
									"description": "\"5m\",\"15m\",\"30m\",\"1h\",\"2h\",\"4h\",\"6h\",\"12h\",\"1d\""
								},
								{
									"key": "limit",
									"value": "30"
								},
								{
									"key": "startTime",
									"value": ""
								},
								{
									"key": "endTime",
									"value": ""
								}
							]
						},
						"description": "Get present open interest of a specific symbol."
					},
					"response": []
				},
				{
					"name": "Taker Buy/Sell Volume (MARKET_DATA)",
					"request": {
						"method": "GET",
						"header": [
							{
								"key": "Content-Type",
								"type": "text",
								"value": "application/json"
							},
							{
								"key": "X-MBX-APIKEY",
								"type": "text",
								"value": "{{binance-api-key}}"
							}
						],
						"url": {
							"raw": "{{url}}/futures/data/takerlongshortRatio?symbol=BTCUSDT&period=5m&limit=30&startTime=&endTime=",
							"host": [
								"{{url}}"
							],
							"path": [
								"futures",
								"data",
								"takerlongshortRatio"
							],
							"query": [
								{
									"key": "symbol",
									"value": "BTCUSDT"
								},
								{
									"key": "period",
									"value": "5m",
									"description": "\"5m\",\"15m\",\"30m\",\"1h\",\"2h\",\"4h\",\"6h\",\"12h\",\"1d\""
								},
								{
									"key": "limit",
									"value": "30",
									"description": "default 30, max 500"
								},
								{
									"key": "startTime",
									"value": ""
								},
								{
									"key": "endTime",
									"value": ""
								}
							]
						}
					},
					"response": []
				}
			],
			"protocolProfileBehavior": {}
		},
		{
			"name": "Account",
			"item": [
				{
					"name": "Account information",
					"event": [
						{
							"listen": "prerequest",
							"script": {
								"id": "90308e9a-d87e-4990-bae4-94151ba38c0e",
								"exec": [
									"",
									""
								],
								"type": "text/javascript"
							}
						}
					],
					"request": {
						"method": "GET",
						"header": [
							{
								"key": "Content-Type",
								"type": "text",
								"value": "application/json"
							},
							{
								"key": "X-MBX-APIKEY",
								"value": "{{binance-api-key}}",
								"type": "text"
							}
						],
						"url": {
							"raw": "{{url}}/fapi/v1/account?timestamp={{timestamp}}&signature={{signature}}",
							"host": [
								"{{url}}"
							],
							"path": [
								"fapi",
								"v1",
								"account"
							],
							"query": [
								{
									"key": "timestamp",
									"value": "{{timestamp}}"
								},
								{
									"key": "signature",
									"value": "{{signature}}"
								}
							]
						}
					},
					"response": []
				},
				{
					"name": "Get Income History",
					"event": [
						{
							"listen": "prerequest",
							"script": {
								"id": "b4d2cfb5-b9b4-4f76-81bd-37212bb57677",
								"exec": [
									"",
									""
								],
								"type": "text/javascript"
							}
						}
					],
					"request": {
						"method": "GET",
						"header": [
							{
								"key": "Content-Type",
								"type": "text",
								"value": "application/json"
							},
							{
								"key": "X-MBX-APIKEY",
								"type": "text",
								"value": "{{binance-api-key}}"
							}
						],
						"url": {
							"raw": "{{url}}/fapi/v1/income?symbol=BTCUSDT&incomeType=REALIZED_PNL&limit=100&timestamp={{timestamp}}&signature={{signature}}",
							"host": [
								"{{url}}"
							],
							"path": [
								"fapi",
								"v1",
								"income"
							],
							"query": [
								{
									"key": "symbol",
									"value": "BTCUSDT"
								},
								{
									"key": "incomeType",
									"value": "REALIZED_PNL"
								},
								{
									"key": "startTime",
									"value": null,
									"disabled": true
								},
								{
									"key": "endTime",
									"value": null,
									"disabled": true
								},
								{
									"key": "limit",
									"value": "100"
								},
								{
									"key": "timestamp",
									"value": "{{timestamp}}"
								},
								{
									"key": "signature",
									"value": "{{signature}}"
								}
							]
						}
					},
					"response": []
				},
				{
					"name": "Position Information",
					"event": [
						{
							"listen": "prerequest",
							"script": {
								"id": "17abf1be-fea2-4c3b-8c1a-1c5caadf3046",
								"exec": [
									"",
									""
								],
								"type": "text/javascript"
							}
						}
					],
					"request": {
						"method": "GET",
						"header": [
							{
								"key": "Content-Type",
								"type": "text",
								"value": "application/json"
							},
							{
								"key": "X-MBX-APIKEY",
								"type": "text",
								"value": "{{binance-api-key}}"
							}
						],
						"url": {
							"raw": "{{url}}/fapi/v1/positionRisk?timestamp={{timestamp}}&signature={{signature}}",
							"host": [
								"{{url}}"
							],
							"path": [
								"fapi",
								"v1",
								"positionRisk"
							],
							"query": [
								{
									"key": "timestamp",
									"value": "{{timestamp}}"
								},
								{
									"key": "signature",
									"value": "{{signature}}"
								}
							]
						}
					},
					"response": []
				},
				{
					"name": "Account Trade List",
					"event": [
						{
							"listen": "prerequest",
							"script": {
								"id": "c0b09cf4-a742-4d7e-a85d-2a59fac8cd9f",
								"exec": [
									"",
									""
								],
								"type": "text/javascript"
							}
						}
					],
					"request": {
						"method": "GET",
						"header": [
							{
								"key": "Content-Type",
								"type": "text",
								"value": "application/json"
							},
							{
								"key": "X-MBX-APIKEY",
								"type": "text",
								"value": "{{binance-api-key}}"
							}
						],
						"url": {
							"raw": "{{url}}/fapi/v1/userTrades?symbol=BTCUSDT&limit=500&timestamp={{timestamp}}&signature={{signature}}",
							"host": [
								"{{url}}"
							],
							"path": [
								"fapi",
								"v1",
								"userTrades"
							],
							"query": [
								{
									"key": "symbol",
									"value": "BTCUSDT"
								},
								{
									"key": "startTime",
									"value": "",
									"disabled": true
								},
								{
									"key": "endTime",
									"value": "",
									"disabled": true
								},
								{
									"key": "fromId",
									"value": "",
									"disabled": true
								},
								{
									"key": "limit",
									"value": "500"
								},
								{
									"key": "timestamp",
									"value": "{{timestamp}}"
								},
								{
									"key": "signature",
									"value": "{{signature}}"
								}
							]
						}
					},
					"response": []
				},
				{
					"name": "Get Income History",
					"event": [
						{
							"listen": "prerequest",
							"script": {
								"id": "ebf5c583-883c-4de4-beb9-09289bd801f3",
								"exec": [
									"",
									""
								],
								"type": "text/javascript"
							}
						}
					],
					"request": {
						"method": "GET",
						"header": [
							{
								"key": "Content-Type",
								"type": "text",
								"value": "application/json"
							},
							{
								"key": "X-MBX-APIKEY",
								"type": "text",
								"value": "{{binance-api-key}}"
							}
						],
						"url": {
							"raw": "{{url}}/fapi/v1/income?symbol=BTCUSDT&incomeType=REALIZED_PNL&limit=500&timestamp={{timestamp}}&signature={{signature}}",
							"host": [
								"{{url}}"
							],
							"path": [
								"fapi",
								"v1",
								"income"
							],
							"query": [
								{
									"key": "symbol",
									"value": "BTCUSDT"
								},
								{
									"key": "incomeType",
									"value": "REALIZED_PNL"
								},
								{
									"key": "startTime",
									"value": "",
									"disabled": true
								},
								{
									"key": "endTime",
									"value": "",
									"disabled": true
								},
								{
									"key": "limit",
									"value": "500"
								},
								{
									"key": "timestamp",
									"value": "{{timestamp}}"
								},
								{
									"key": "signature",
									"value": "{{signature}}"
								}
							]
						}
					},
					"response": []
				},
				{
					"name": "New Future Account Transfer",
					"event": [
						{
							"listen": "prerequest",
							"script": {
								"id": "d712cf01-1f86-469d-8d73-b83ec182aac5",
								"exec": [
									"",
									""
								],
								"type": "text/javascript"
							}
						}
					],
					"request": {
						"method": "GET",
						"header": [
							{
								"key": "Content-Type",
								"type": "text",
								"value": "application/json"
							},
							{
								"key": "X-MBX-APIKEY",
								"type": "text",
								"value": "{{binance-api-key}}"
							}
						],
						"url": {
							"raw": "{{url}}/fapi/v1/income?symbol=BTCUSDT&incomeType=REALIZED_PNL&limit=500&timestamp={{timestamp}}&signature={{signature}}",
							"host": [
								"{{url}}"
							],
							"path": [
								"fapi",
								"v1",
								"income"
							],
							"query": [
								{
									"key": "symbol",
									"value": "BTCUSDT"
								},
								{
									"key": "incomeType",
									"value": "REALIZED_PNL"
								},
								{
									"key": "startTime",
									"value": "",
									"disabled": true
								},
								{
									"key": "endTime",
									"value": "",
									"disabled": true
								},
								{
									"key": "limit",
									"value": "500"
								},
								{
									"key": "timestamp",
									"value": "{{timestamp}}"
								},
								{
									"key": "signature",
									"value": "{{signature}}"
								}
							]
						}
					},
					"response": []
				},
				{
					"name": "Future Account Balance",
					"event": [
						{
							"listen": "prerequest",
							"script": {
								"id": "af172672-b447-4519-a8c4-4b0273e0f7a0",
								"exec": [
									"",
									""
								],
								"type": "text/javascript"
							}
						}
					],
					"request": {
						"method": "GET",
						"header": [
							{
								"key": "Content-Type",
								"type": "text",
								"value": "application/json"
							},
							{
								"key": "X-MBX-APIKEY",
								"type": "text",
								"value": "{{binance-api-key}}"
							}
						],
						"url": {
							"raw": "{{url}}/fapi/v1/balance?timestamp={{timestamp}}&signature={{signature}}",
							"host": [
								"{{url}}"
							],
							"path": [
								"fapi",
								"v1",
								"balance"
							],
							"query": [
								{
									"key": "timestamp",
									"value": "{{timestamp}}"
								},
								{
									"key": "signature",
									"value": "{{signature}}"
								}
							]
						}
					},
					"response": []
				}
			],
			"protocolProfileBehavior": {}
		},
		{
			"name": "Order",
			"item": [
				{
					"name": "New Order (TRADE)",
					"event": [
						{
							"listen": "prerequest",
							"script": {
								"id": "e3adf4e7-9275-458c-a4e6-68df607d85c8",
								"exec": [
									""
								],
								"type": "text/javascript"
							}
						}
					],
					"request": {
						"method": "POST",
						"header": [
							{
								"key": "Content-Type",
								"name": "Content-Type",
								"type": "text",
								"value": "application/json"
							},
							{
								"key": "X-MBX-APIKEY",
								"type": "text",
								"value": "{{binance-api-key}}"
							}
						],
						"url": {
							"raw": "{{url}}/fapi/v1/order?symbol=&side=&positionSide=&type=&timeInForce=&quantity=&reduceOnly=&price=&newClientOrderId=&stopPrice=&closePosition=&activationPrice=&callbackRate=&workingType=CONTRACT_PRICE&newOrderRespType=&timestamp={{timestamp}}&signature={{signature}}",
							"host": [
								"{{url}}"
							],
							"path": [
								"fapi",
								"v1",
								"order"
							],
							"query": [
								{
									"key": "symbol",
									"value": ""
								},
								{
									"key": "side",
									"value": ""
								},
								{
									"key": "positionSide",
									"value": "",
									"description": "Default BOTH for One-way Mode ;\nLONG or SHORT for Hedge Mode. It must be sent with Hedge Mode."
								},
								{
									"key": "type",
									"value": ""
								},
								{
									"key": "timeInForce",
									"value": ""
								},
								{
									"key": "quantity",
									"value": ""
								},
								{
									"key": "reduceOnly",
									"value": ""
								},
								{
									"key": "price",
									"value": ""
								},
								{
									"key": "newClientOrderId",
									"value": ""
								},
								{
									"key": "stopPrice",
									"value": ""
								},
								{
									"key": "closePosition",
									"value": "",
									"description": "true, false；Close-All，used with STOP_MARKET or TAKE_PROFIT_MARKET."
								},
								{
									"key": "activationPrice",
									"value": ""
								},
								{
									"key": "callbackRate",
									"value": "",
									"description": "Used with TRAILING_STOP_MARKET orders, min 0.1, max 5 where 1 for 1%"
								},
								{
									"key": "workingType",
									"value": "CONTRACT_PRICE",
									"description": "stopPrice triggered by: \"MARK_PRICE\", \"CONTRACT_PRICE\". Default \"CONTRACT_PRICE\""
								},
								{
									"key": "newOrderRespType",
									"value": "",
									"description": "\"ACK\", \"RESULT\", default \"ACK\""
								},
								{
									"key": "timestamp",
									"value": "{{timestamp}}"
								},
								{
									"key": "signature",
									"value": "{{signature}}"
								}
							]
						},
						"description": "https://binance-docs.github.io/apidocs/futures/en/#new-order-trade"
					},
					"response": []
				},
				{
					"name": "Place Multiple Orders (TRADE)",
					"event": [
						{
							"listen": "prerequest",
							"script": {
								"id": "792f996f-4190-44f4-9ecc-4bc59c6f27d4",
								"exec": [
									""
								],
								"type": "text/javascript"
							}
						}
					],
					"request": {
						"method": "POST",
						"header": [
							{
								"key": "Content-Type",
								"name": "Content-Type",
								"type": "text",
								"value": "application/json"
							},
							{
								"key": "X-MBX-APIKEY",
								"type": "text",
								"value": "{{binance-api-key}}"
							}
						],
						"url": {
							"raw": "{{url}}/fapi/v1/batchOrders?batchOrders=&timestamp={{timestamp}}&signature={{signature}}",
							"host": [
								"{{url}}"
							],
							"path": [
								"fapi",
								"v1",
								"batchOrders"
							],
							"query": [
								{
									"key": "batchOrders",
									"value": ""
								},
								{
									"key": "timestamp",
									"value": "{{timestamp}}"
								},
								{
									"key": "signature",
									"value": "{{signature}}",
									"description": "Default BOTH for One-way Mode ;\nLONG or SHORT for Hedge Mode. It must be sent with Hedge Mode."
								}
							]
						}
					},
					"response": []
				},
				{
					"name": "Query Order",
					"event": [
						{
							"listen": "prerequest",
							"script": {
								"id": "e58e6da7-e7bb-46fb-af9d-44b062080049",
								"exec": [
									""
								],
								"type": "text/javascript"
							}
						}
					],
					"request": {
						"method": "GET",
						"header": [
							{
								"key": "Content-Type",
								"name": "Content-Type",
								"type": "text",
								"value": "application/json"
							},
							{
								"key": "X-MBX-APIKEY",
								"type": "text",
								"value": "{{binance-api-key}}"
							}
						],
						"url": {
							"raw": "{{url}}/fapi/v1/order?symbol=BTCUSDT&orderId=&timestamp={{timestamp}}&signature={{signature}}",
							"host": [
								"{{url}}"
							],
							"path": [
								"fapi",
								"v1",
								"order"
							],
							"query": [
								{
									"key": "symbol",
									"value": "BTCUSDT"
								},
								{
									"key": "orderId",
									"value": ""
								},
								{
									"key": "timestamp",
									"value": "{{timestamp}}"
								},
								{
									"key": "signature",
									"value": "{{signature}}"
								}
							]
						}
					},
					"response": []
				},
				{
					"name": "Cancel Order",
					"event": [
						{
							"listen": "prerequest",
							"script": {
								"id": "012c822d-5920-4d10-913e-665b65086ca9",
								"exec": [
									""
								],
								"type": "text/javascript"
							}
						}
					],
					"request": {
						"method": "DELETE",
						"header": [
							{
								"key": "Content-Type",
								"name": "Content-Type",
								"type": "text",
								"value": "application/json"
							},
							{
								"key": "X-MBX-APIKEY",
								"type": "text",
								"value": "{{binance-api-key}}"
							}
						],
						"url": {
							"raw": "{{url}}/fapi/v1/order?symbol=BTCUSDT&orderId=1192355366&timestamp={{timestamp}}&signature={{signature}}",
							"host": [
								"{{url}}"
							],
							"path": [
								"fapi",
								"v1",
								"order"
							],
							"query": [
								{
									"key": "symbol",
									"value": "BTCUSDT"
								},
								{
									"key": "orderId",
									"value": "1192355366"
								},
								{
									"key": "timestamp",
									"value": "{{timestamp}}"
								},
								{
									"key": "signature",
									"value": "{{signature}}"
								}
							]
						}
					},
					"response": []
				},
				{
					"name": "Cancel All Open Orders",
					"event": [
						{
							"listen": "prerequest",
							"script": {
								"id": "ee01fcf3-0b7f-4a86-a076-7ec4efaaa840",
								"exec": [
									""
								],
								"type": "text/javascript"
							}
						}
					],
					"request": {
						"method": "DELETE",
						"header": [
							{
								"key": "Content-Type",
								"name": "Content-Type",
								"type": "text",
								"value": "application/json"
							},
							{
								"key": "X-MBX-APIKEY",
								"type": "text",
								"value": "{{binance-api-key}}"
							}
						],
						"url": {
							"raw": "{{url}}/fapi/v1/allOpenOrders?symbol=BTCUSDT&timestamp={{timestamp}}&signature={{signature}}",
							"host": [
								"{{url}}"
							],
							"path": [
								"fapi",
								"v1",
								"allOpenOrders"
							],
							"query": [
								{
									"key": "symbol",
									"value": "BTCUSDT"
								},
								{
									"key": "timestamp",
									"value": "{{timestamp}}"
								},
								{
									"key": "signature",
									"value": "{{signature}}"
								}
							]
						}
					},
					"response": []
				},
				{
					"name": "Auto-Cancel All Open Orders (TRADE)",
					"event": [
						{
							"listen": "prerequest",
							"script": {
								"id": "37cd3c13-061b-4070-9b3c-5af92adde1c0",
								"exec": [
									""
								],
								"type": "text/javascript"
							}
						}
					],
					"request": {
						"method": "POST",
						"header": [
							{
								"key": "Content-Type",
								"name": "Content-Type",
								"type": "text",
								"value": "application/json"
							},
							{
								"key": "X-MBX-APIKEY",
								"type": "text",
								"value": "{{binance-api-key}}"
							}
						],
						"url": {
							"raw": "{{url}}/fapi/v1/countdownCancelAll?symbol=&countdownTime=&timestamp={{timestamp}}&signature={{signature}}",
							"host": [
								"{{url}}"
							],
							"path": [
								"fapi",
								"v1",
								"countdownCancelAll"
							],
							"query": [
								{
									"key": "symbol",
									"value": ""
								},
								{
									"key": "countdownTime",
									"value": "",
									"description": "countdown time, 1000 for 1 second. 0 to cancel the timer"
								},
								{
									"key": "timestamp",
									"value": "{{timestamp}}"
								},
								{
									"key": "signature",
									"value": "{{signature}}"
								}
							]
						}
					},
					"response": []
				},
				{
					"name": "Cancel Multiple Orders (TRADE)",
					"event": [
						{
							"listen": "prerequest",
							"script": {
								"id": "ef5cbf6c-d3de-443d-b039-d9c24d87a641",
								"exec": [
									""
								],
								"type": "text/javascript"
							}
						}
					],
					"request": {
						"method": "DELETE",
						"header": [
							{
								"key": "Content-Type",
								"name": "Content-Type",
								"type": "text",
								"value": "application/json"
							},
							{
								"key": "X-MBX-APIKEY",
								"type": "text",
								"value": "{{binance-api-key}}"
							}
						],
						"url": {
							"raw": "{{url}}/fapi/v1/batchOrders?symbol=BTCUSDT&origClientOrderIdList=[IKDQAMirf7vElig8hTZHh0,HwJSQKA7drF37tqqAN6q6q]&timestamp={{timestamp}}&signature={{signature}}",
							"host": [
								"{{url}}"
							],
							"path": [
								"fapi",
								"v1",
								"batchOrders"
							],
							"query": [
								{
									"key": "symbol",
									"value": "BTCUSDT"
								},
								{
									"key": "orderIdList",
									"value": "[1221114054,1229719329]",
									"description": "[id,id]  no space in between",
									"disabled": true
								},
								{
									"key": "origClientOrderIdList",
									"value": "[IKDQAMirf7vElig8hTZHh0,HwJSQKA7drF37tqqAN6q6q]"
								},
								{
									"key": "timestamp",
									"value": "{{timestamp}}"
								},
								{
									"key": "signature",
									"value": "{{signature}}"
								}
							]
						}
					},
					"response": []
				},
				{
					"name": "Current All Open Orders (USER_DATA)",
					"event": [
						{
							"listen": "prerequest",
							"script": {
								"id": "06d61d6f-c331-4aa7-ab40-18c4d313aeed",
								"exec": [
									""
								],
								"type": "text/javascript"
							}
						}
					],
					"request": {
						"method": "GET",
						"header": [
							{
								"key": "Content-Type",
								"name": "Content-Type",
								"type": "text",
								"value": "application/json"
							},
							{
								"key": "X-MBX-APIKEY",
								"type": "text",
								"value": "{{binance-api-key}}"
							}
						],
						"url": {
							"raw": "{{url}}/fapi/v1/openOrders?symbol=BTCUSDT&timestamp={{timestamp}}&signature={{signature}}",
							"host": [
								"{{url}}"
							],
							"path": [
								"fapi",
								"v1",
								"openOrders"
							],
							"query": [
								{
									"key": "symbol",
									"value": "BTCUSDT"
								},
								{
									"key": "timestamp",
									"value": "{{timestamp}}"
								},
								{
									"key": "signature",
									"value": "{{signature}}"
								}
							]
						}
					},
					"response": []
				},
				{
					"name": "Query Current Open Order (USER_DATA)",
					"event": [
						{
							"listen": "prerequest",
							"script": {
								"id": "2081a5bd-f61a-4551-b434-cb2799f35f10",
								"exec": [
									""
								],
								"type": "text/javascript"
							}
						}
					],
					"request": {
						"method": "GET",
						"header": [
							{
								"key": "Content-Type",
								"name": "Content-Type",
								"type": "text",
								"value": "application/json"
							},
							{
								"key": "X-MBX-APIKEY",
								"type": "text",
								"value": "{{binance-api-key}}"
							}
						],
						"url": {
							"raw": "{{url}}/fapi/v1/openOrder?symbol=&orderId=&origClientOrderId&timestamp={{timestamp}}&signature={{signature}}",
							"host": [
								"{{url}}"
							],
							"path": [
								"fapi",
								"v1",
								"openOrder"
							],
							"query": [
								{
									"key": "symbol",
									"value": ""
								},
								{
									"key": "orderId",
									"value": ""
								},
								{
									"key": "origClientOrderId",
									"value": null
								},
								{
									"key": "timestamp",
									"value": "{{timestamp}}"
								},
								{
									"key": "signature",
									"value": "{{signature}}"
								}
							]
						}
					},
					"response": []
				},
				{
					"name": "All Orders",
					"event": [
						{
							"listen": "prerequest",
							"script": {
								"id": "c86f1efc-e6b1-4848-a206-5a9b563d0e67",
								"exec": [
									""
								],
								"type": "text/javascript"
							}
						}
					],
					"request": {
						"method": "GET",
						"header": [
							{
								"key": "Content-Type",
								"name": "Content-Type",
								"type": "text",
								"value": "application/json"
							},
							{
								"key": "X-MBX-APIKEY",
								"type": "text",
								"value": "{{binance-api-key}}"
							}
						],
						"url": {
							"raw": "{{url}}/fapi/v1/allOrders?symbol=&orderId=&startTime=&endTime=&limit=500&timestamp={{timestamp}}&signature={{signature}}",
							"host": [
								"{{url}}"
							],
							"path": [
								"fapi",
								"v1",
								"allOrders"
							],
							"query": [
								{
									"key": "symbol",
									"value": ""
								},
								{
									"key": "orderId",
									"value": ""
								},
								{
									"key": "startTime",
									"value": ""
								},
								{
									"key": "endTime",
									"value": ""
								},
								{
									"key": "limit",
									"value": "500",
									"description": "Default 500; max 1000."
								},
								{
									"key": "timestamp",
									"value": "{{timestamp}}"
								},
								{
									"key": "signature",
									"value": "{{signature}}"
								}
							]
						}
					},
					"response": []
				}
			],
			"protocolProfileBehavior": {}
		},
		{
			"name": "Trade",
			"item": [
				{
					"name": "Change Margin Type",
					"event": [
						{
							"listen": "prerequest",
							"script": {
								"id": "5766646f-d9fb-4ec1-ad39-54da666ec2de",
								"exec": [
									""
								],
								"type": "text/javascript"
							}
						}
					],
					"request": {
						"method": "POST",
						"header": [
							{
								"key": "Content-Type",
								"name": "Content-Type",
								"value": "application/json",
								"type": "text"
							},
							{
								"key": "X-MBX-APIKEY",
								"type": "text",
								"value": "{{binance-api-key}}"
							}
						],
						"url": {
							"raw": "{{url}}/fapi/v1/marginType?symbol=BTCUSDT&marginType=ISOLATED&timestamp={{timestamp}}&signature={{signature}}",
							"host": [
								"{{url}}"
							],
							"path": [
								"fapi",
								"v1",
								"marginType"
							],
							"query": [
								{
									"key": "symbol",
									"value": "BTCUSDT"
								},
								{
									"key": "marginType",
									"value": "ISOLATED"
								},
								{
									"key": "timestamp",
									"value": "{{timestamp}}"
								},
								{
									"key": "signature",
									"value": "{{signature}}"
								}
							]
						}
					},
					"response": []
				},
				{
					"name": "Change Initial Leverage",
					"event": [
						{
							"listen": "prerequest",
							"script": {
								"id": "3e2af1ae-14e2-46b0-99a5-dacc7a7e385b",
								"exec": [
									""
								],
								"type": "text/javascript"
							}
						}
					],
					"request": {
						"method": "POST",
						"header": [
							{
								"key": "Content-Type",
								"name": "Content-Type",
								"type": "text",
								"value": "application/json"
							},
							{
								"key": "X-MBX-APIKEY",
								"type": "text",
								"value": "{{binance-api-key}}"
							}
						],
						"url": {
							"raw": "{{url}}/fapi/v1/leverage?symbol=BTCUSDT&leverage=20&timestamp={{timestamp}}&signature={{signature}}",
							"host": [
								"{{url}}"
							],
							"path": [
								"fapi",
								"v1",
								"leverage"
							],
							"query": [
								{
									"key": "symbol",
									"value": "BTCUSDT"
								},
								{
									"key": "leverage",
									"value": "20"
								},
								{
									"key": "timestamp",
									"value": "{{timestamp}}"
								},
								{
									"key": "signature",
									"value": "{{signature}}"
								}
							]
						}
					},
					"response": []
				},
				{
					"name": "Modify Isolated Position Margin",
					"event": [
						{
							"listen": "prerequest",
							"script": {
								"id": "c1e089c0-2d1a-408c-8fcb-3249fd29ef65",
								"exec": [
									""
								],
								"type": "text/javascript"
							}
						}
					],
					"request": {
						"method": "POST",
						"header": [
							{
								"key": "Content-Type",
								"name": "Content-Type",
								"type": "text",
								"value": "application/json"
							},
							{
								"key": "X-MBX-APIKEY",
								"type": "text",
								"value": "{{binance-api-key}}"
							}
						],
						"url": {
							"raw": "{{url}}/fapi/v1/positionMargin?symbol=BTCUSDT&positionSide=&amount=100&type=1&timestamp={{timestamp}}&signature={{signature}}",
							"host": [
								"{{url}}"
							],
							"path": [
								"fapi",
								"v1",
								"positionMargin"
							],
							"query": [
								{
									"key": "symbol",
									"value": "BTCUSDT"
								},
								{
									"key": "positionSide",
									"value": "",
									"description": "Default BOTH for One-way Mode ; \nLONG or SHORT for Hedge Mode. It must be sent with Hedge Mode."
								},
								{
									"key": "amount",
									"value": "100"
								},
								{
									"key": "type",
									"value": "1"
								},
								{
									"key": "timestamp",
									"value": "{{timestamp}}"
								},
								{
									"key": "signature",
									"value": "{{signature}}"
								}
							]
						}
					},
					"response": []
				},
				{
					"name": "Get Postion Margin Change History",
					"event": [
						{
							"listen": "prerequest",
							"script": {
								"id": "4d289786-616d-487d-9a35-c520eeeaafb4",
								"exec": [
									""
								],
								"type": "text/javascript"
							}
						}
					],
					"request": {
						"method": "GET",
						"header": [
							{
								"key": "Content-Type",
								"name": "Content-Type",
								"type": "text",
								"value": "application/json"
							},
							{
								"key": "X-MBX-APIKEY",
								"type": "text",
								"value": "{{binance-api-key}}"
							}
						],
						"url": {
							"raw": "{{url}}/fapi/v1/positionMargin/history?symbol=BTCUSDT&type=1&startTime=&endTime=&limit=500&timestamp={{timestamp}}&signature={{signature}}",
							"host": [
								"{{url}}"
							],
							"path": [
								"fapi",
								"v1",
								"positionMargin",
								"history"
							],
							"query": [
								{
									"key": "symbol",
									"value": "BTCUSDT"
								},
								{
									"key": "type",
									"value": "1"
								},
								{
									"key": "startTime",
									"value": ""
								},
								{
									"key": "endTime",
									"value": ""
								},
								{
									"key": "limit",
									"value": "500"
								},
								{
									"key": "timestamp",
									"value": "{{timestamp}}"
								},
								{
									"key": "signature",
									"value": "{{signature}}"
								}
							]
						}
					},
					"response": []
				},
				{
					"name": "Change Position Mode（TRADE）",
					"event": [
						{
							"listen": "prerequest",
							"script": {
								"id": "601b9115-c101-4b33-a2b3-a1485f5c341b",
								"exec": [
									""
								],
								"type": "text/javascript"
							}
						}
					],
					"request": {
						"method": "POST",
						"header": [
							{
								"key": "Content-Type",
								"name": "Content-Type",
								"type": "text",
								"value": "application/json"
							},
							{
								"key": "X-MBX-APIKEY",
								"type": "text",
								"value": "{{binance-api-key}}"
							}
						],
						"url": {
							"raw": "{{url}}/fapi/v1/positionSide/dual?dualSidePosition=&timestamp={{timestamp}}&signature={{signature}}",
							"host": [
								"{{url}}"
							],
							"path": [
								"fapi",
								"v1",
								"positionSide",
								"dual"
							],
							"query": [
								{
									"key": "dualSidePosition",
									"value": "",
									"description": "Boolean value. \"true\": Hedge Mode mode; \"false\": One-way Mode"
								},
								{
									"key": "timestamp",
									"value": "{{timestamp}}"
								},
								{
									"key": "signature",
									"value": "{{signature}}"
								}
							]
						}
					},
					"response": []
				},
				{
					"name": "Get Current Position Mode（USER_DATA）",
					"event": [
						{
							"listen": "prerequest",
							"script": {
								"id": "32dc9e8a-1ee0-436b-9538-1385878ac7f4",
								"exec": [
									""
								],
								"type": "text/javascript"
							}
						}
					],
					"request": {
						"method": "GET",
						"header": [
							{
								"key": "Content-Type",
								"name": "Content-Type",
								"type": "text",
								"value": "application/json"
							},
							{
								"key": "X-MBX-APIKEY",
								"type": "text",
								"value": "{{binance-api-key}}"
							}
						],
						"url": {
							"raw": "{{url}}/fapi/v1/positionSide/dual?timestamp={{timestamp}}&signature={{signature}}",
							"host": [
								"{{url}}"
							],
							"path": [
								"fapi",
								"v1",
								"positionSide",
								"dual"
							],
							"query": [
								{
									"key": "timestamp",
									"value": "{{timestamp}}"
								},
								{
									"key": "signature",
									"value": "{{signature}}"
								}
							]
						}
					},
					"response": []
				}
			],
			"protocolProfileBehavior": {}
		},
		{
			"name": "Data Stream",
			"item": [
				{
					"name": "Create New Listen Key",
					"request": {
						"method": "POST",
						"header": [
							{
								"key": "Content-Type",
								"type": "text",
								"value": "application/json"
							},
							{
								"key": "X-MBX-APIKEY",
								"type": "text",
								"value": "{{binance-api-key}}"
							}
						],
						"url": {
							"raw": "{{url}}/fapi/v1/listenKey",
							"host": [
								"{{url}}"
							],
							"path": [
								"fapi",
								"v1",
								"listenKey"
							]
						}
					},
					"response": []
				},
				{
					"name": "Renew Listen Key",
					"request": {
						"method": "PUT",
						"header": [
							{
								"key": "Content-Type",
								"type": "text",
								"value": "application/json"
							},
							{
								"key": "X-MBX-APIKEY",
								"type": "text",
								"value": "{{binance-api-key}}"
							}
						],
						"url": {
							"raw": "{{url}}/fapi/v1/listenKey",
							"host": [
								"{{url}}"
							],
							"path": [
								"fapi",
								"v1",
								"listenKey"
							]
						}
					},
					"response": []
				},
				{
					"name": "Delete Listen Key",
					"request": {
						"method": "DELETE",
						"header": [
							{
								"key": "Content-Type",
								"type": "text",
								"value": "application/json"
							},
							{
								"key": "X-MBX-APIKEY",
								"type": "text",
								"value": "{{binance-api-key}}"
							}
						],
						"url": {
							"raw": "{{url}}/fapi/v1/listenKey",
							"host": [
								"{{url}}"
							],
							"path": [
								"fapi",
								"v1",
								"listenKey"
							]
						}
					},
					"response": []
				}
			],
			"protocolProfileBehavior": {}
		},
		{
			"name": "V2",
			"item": [
				{
					"name": "Account",
					"item": [
						{
							"name": "Position Information(USER_DATA)",
							"event": [
								{
									"listen": "prerequest",
									"script": {
										"id": "e3ad634c-fd69-4625-bd12-4cc56a814c72",
										"exec": [
											"",
											""
										],
										"type": "text/javascript"
									}
								}
							],
							"request": {
								"method": "GET",
								"header": [
									{
										"key": "Content-Type",
										"type": "text",
										"value": "application/json"
									},
									{
										"key": "X-MBX-APIKEY",
										"type": "text",
										"value": "{{binance-api-key}}"
									}
								],
								"url": {
									"raw": "{{url}}/fapi/v2/positionRisk?symbol=&timestamp={{timestamp}}&signature={{signature}}",
									"host": [
										"{{url}}"
									],
									"path": [
										"fapi",
										"v2",
										"positionRisk"
									],
									"query": [
										{
											"key": "symbol",
											"value": ""
										},
										{
											"key": "timestamp",
											"value": "{{timestamp}}"
										},
										{
											"key": "signature",
											"value": "{{signature}}"
										}
									]
								}
							},
							"response": []
						},
						{
							"name": "Account Balance",
							"event": [
								{
									"listen": "prerequest",
									"script": {
										"id": "41711d77-aa0f-47f5-b772-9038ff527f6a",
										"exec": [
											"",
											""
										],
										"type": "text/javascript"
									}
								}
							],
							"request": {
								"method": "GET",
								"header": [
									{
										"key": "Content-Type",
										"type": "text",
										"value": "application/json"
									},
									{
										"key": "X-MBX-APIKEY",
										"type": "text",
										"value": "{{binance-api-key}}"
									}
								],
								"url": {
									"raw": "{{url}}/fapi/v2/balance?timestamp={{timestamp}}&signature={{signature}}",
									"host": [
										"{{url}}"
									],
									"path": [
										"fapi",
										"v2",
										"balance"
									],
									"query": [
										{
											"key": "timestamp",
											"value": "{{timestamp}}"
										},
										{
											"key": "signature",
											"value": "{{signature}}"
										}
									]
								}
							},
							"response": []
						},
						{
							"name": "Account Information",
							"event": [
								{
									"listen": "prerequest",
									"script": {
										"id": "78167eaf-8fca-4e01-9d1c-9c470f82d2c2",
										"exec": [
											"",
											""
										],
										"type": "text/javascript"
									}
								}
							],
							"request": {
								"method": "GET",
								"header": [
									{
										"key": "Content-Type",
										"type": "text",
										"value": "application/json"
									},
									{
										"key": "X-MBX-APIKEY",
										"type": "text",
										"value": "{{binance-api-key}}"
									}
								],
								"url": {
									"raw": "{{url}}/fapi/v2/account?timestamp={{timestamp}}&signature={{signature}}",
									"host": [
										"{{url}}"
									],
									"path": [
										"fapi",
										"v2",
										"account"
									],
									"query": [
										{
											"key": "timestamp",
											"value": "{{timestamp}}"
										},
										{
											"key": "signature",
											"value": "{{signature}}"
										}
									]
								}
							},
							"response": []
						}
					],
					"protocolProfileBehavior": {},
					"_postman_isSubFolder": true
				}
			],
			"protocolProfileBehavior": {}
		}
	],
	"event": [
		{
			"listen": "prerequest",
			"script": {
				"id": "d05ccd75-28b6-4167-b0e2-fe308139e36c",
				"type": "text/javascript",
				"exec": [
					"const ts  = Date.now();",
					"pm.environment.set(\"timestamp\", ts);",
					"",
					"let paramsObject = {};",
					"",
					"const binance_api_secret = pm.environment.get(\"binance-api-secret\");",
					"",
					"const parameters = pm.request.url.query;",
					"",
					"parameters.map((param) => {",
					"    if (param.key != 'signature' && ",
					"        param.key != 'timestamp' && ",
					"        !is_empty(param.value) &&",
					"        !is_disabled(param.disabled)) {",
					"            paramsObject[param.key] = param.value;",
					"    }",
					"})",
					"        ",
					"Object.assign(paramsObject, {'timestamp': ts});",
					"",
					"if (binance_api_secret) {",
					"    const queryString = Object.keys(paramsObject).map((key) => {",
					"        return `${encodeURIComponent(key)}=${paramsObject[key]}`;",
					"    }).join('&');",
					"    console.log(queryString);",
					"    const signature = CryptoJS.HmacSHA256(queryString, binance_api_secret).toString();",
					"    pm.environment.set(\"signature\", signature);",
					"}",
					"",
					"function is_disabled(str) {",
					"    return str == true;",
					"}",
					"",
					"function is_empty(str) {",
					"    if (typeof str == 'undefined' ||",
					"        !str || ",
					"        str.length === 0 || ",
					"        str === \"\" ||",
					"        !/[^\\s]/.test(str) ||",
					"        /^\\s*$/.test(str) ||",
					"        str.replace(/\\s/g,\"\") === \"\")",
					"    {",
					"        return true;",
					"    }",
					"    else",
					"    {",
					"        return false;",
					"    }",
					"}"
				]
			}
		},
		{
			"listen": "test",
			"script": {
				"id": "4ec62b6f-b246-4b7e-8258-30465aba154a",
				"type": "text/javascript",
				"exec": [
					""
				]
			}
		}
	],
	"protocolProfileBehavior": {}
}
